trail_id,popularity,difficulty_rating,visitor_usage,avg_rating,num_reviews
10020048,24.8931,5,3,5,423
10236086,18.0311,3,1,4.5,260
10267857,17.7821,1,3,4.5,224
10236076,16.2674,1,2,4.5,237
10236082,12.5935,5,1,4.5,110
10241620,8.8331,5,1,4.5,43
10236080,7.6876,3,1,4,39
10236075,5.9038,3,1,4,27
10236084,5.8885,1,1,4.5,21
10327620,5.799,5,1,4.5,5
10265252,5.6536,1,2,4,17
10333556,4.6043,3,2,4.5,15
10265251,4.1956,3,2,4.5,6
10393562,3.958,5,1,4.5,3
10262541,3.8939,1,2,4.5,14
10358126,3.6654,5,1,5,8
10236078,3.4891,1,1,4,11
10343441,3.3846,1,2,4,13
10023165,3.304,3,,4.5,5
10333569,2.7746,5,2,5,5
10347459,2.4937,1,2,4.5,4
10302108,2.33,1,1,3,7
10333558,2.0877,3,2,3,4
10513937,2.0328,3,1,4,5
10333557,1.8986,1,2,3,6
10302122,1.86,1,1,3.5,4
10265266,1.803,3,2,0,0
10302112,1.3701,1,1,3.5,4
10302114,1.3415,3,1,4,2
10187810,37.4791,5,3,5,670
10016964,36.2709,3,3,5,489
10237812,33.256,5,3,4.5,454
10245012,31.6323,5,3,5,519
10265905,28.8685,3,3,5,455
10266148,28.2035,1,3,4.5,342
10094721,24.0229,5,3,5,217
10026816,22.7206,1,1,5,224
10235665,22.5006,5,3,5,262
10266521,22.1688,5,2,5,229
10016127,21.652,1,3,4.5,158
10034910,20.8545,3,2,4.5,259
10337353,20.0835,3,3,4.5,238
10013850,19.8228,1,3,4.5,142
10031380,18.8699,3,3,4.5,229
10304374,16.7412,5,3,5,61
10236025,15.5733,1,3,4.5,163
10013966,15.5,3,2,4.5,135
10004120,14.8144,7,2,5,62
10006500,14.7746,5,2,4.5,88
10259347,14.7248,3,1,5,97
10041313,14.6866,5,2,4.5,80
10244240,14.3846,5,3,4.5,161
10111405,14.3478,3,2,4.5,95
10286650,13.8468,5,3,5,73
10031336,13.3343,3,2,4.5,100
10031337,12.6285,3,2,4,85
10304469,12.5954,1,3,4.5,52
10273263,12.4801,5,3,5,39
10000811,12.4222,1,2,4.5,54
10009957,12.4044,7,3,5,38
10006953,12.393,7,2,4.5,108
10297089,12.3532,7,2,5,61
10040243,12.302,7,1,4.5,45
10026822,12.0834,1,,4.5,76
10242023,11.8629,1,2,4,111
10255289,11.8608,5,3,5,27
10004435,11.8001,3,,4.5,103
10258667,11.7107,3,2,4.5,69
10236026,11.5545,1,1,4.5,95
10258648,11.1051,3,,4.5,39
10257085,11.0836,7,3,5,37
10236022,10.9378,1,1,4,61
10018269,10.9165,3,2,4.5,52
10265749,10.8324,5,3,5,30
10315767,10.6545,5,2,5,33
10023828,10.3784,1,2,4.5,27
10112001,10.3328,3,2,4,72
10042232,10.2641,5,1,5,10
10365390,10.1704,7,3,4.5,48
10267208,10.0467,3,2,4.5,65
10293249,9.9618,3,2,4.5,60
10258317,9.9197,1,3,4.5,28
10002324,9.7326,1,4,4,41
10274527,9.609,1,1,4,45
10009628,9.5621,1,2,4,43
10009444,9.227,5,1,4.5,26
10251377,9.1802,1,2,4,52
10042018,8.7642,3,1,4,59
10331092,8.6888,5,2,5,25
10002217,8.6324,1,1,4,61
10041071,8.6024,1,2,4,38
10236028,8.5243,1,2,4,46
10259343,8.5202,7,1,5,30
10306310,8.4605,3,2,4.5,56
10039522,8.2704,3,2,4.5,45
10304719,8.2646,7,3,5,24
10032774,8.2525,1,,4.5,39
10111504,7.9559,1,2,4.5,28
10246734,7.7075,5,2,5,23
10281018,7.7075,3,1,4.5,32
10038311,7.6339,1,1,4,50
10258602,7.5684,1,2,4.5,24
10011949,7.5414,3,2,4,35
10298010,7.479,3,2,4,20
10302747,7.4072,1,3,4.5,31
10259900,7.2569,1,2,4.5,14
10235597,7.2201,1,1,4,15
10311930,7.1664,3,2,4,33
10013382,7.1647,7,1,4.5,10
10236023,7.0465,1,1,4,41
10111280,7.0254,3,2,4,35
10258739,6.9609,5,1,4.5,18
10023951,6.9456,7,1,4.5,13
10270136,6.9205,3,1,4.5,19
10287374,6.8368,1,2,4.5,32
10272964,6.8325,5,1,5,20
10035690,6.7822,3,2,4.5,27
10258650,6.6276,1,2,4,18
10258659,6.4591,1,2,4.5,6
10258654,6.3809,1,1,4.5,10
10315676,6.3801,1,1,4,25
10259353,6.3369,7,1,4.5,10
10039514,6.2729,1,2,4,27
10013558,6.1769,5,2,3.5,15
10013912,5.9577,5,3,5,7
10272375,5.9341,1,1,4.5,22
10269962,5.8308,3,,4.5,16
10269284,5.7938,3,1,4,13
10259355,5.7315,5,1,4.5,7
10013747,5.7162,1,1,4,26
10259354,5.7123,5,1,5,6
10112153,5.6144,3,2,3.5,27
10389448,5.5548,5,2,4.5,13
10016910,5.4493,1,2,3.5,16
10267209,5.3994,3,2,4,23
10259344,5.3565,7,1,5,3
10266285,5.2788,7,3,5,9
10297375,5.2572,1,2,4,12
10013255,5.2356,1,2,3,17
10269670,5.0684,1,1,4,18
10384519,5.0517,5,2,4.5,3
10263759,5.05,7,2,4.5,7
10021291,5.0108,1,,4.5,10
10017278,4.9978,7,2,5,7
10268598,4.9944,3,1,4.5,15
10235600,4.9845,1,2,3,12
10398395,4.8374,1,2,4,14
10235592,4.6675,1,2,3.5,12
10306312,4.5595,3,2,4.5,15
10259348,4.557,7,1,4,3
10347292,4.4377,3,,4.5,10
10258670,4.3741,1,1,4.5,5
10272332,4.3654,3,2,4.5,9
10041333,4.3271,1,1,4,10
10004062,4.324,5,1,4.5,4
10018933,4.2213,5,1,4,3
10037999,4.1951,5,1,4,5
10299272,4.1854,3,2,3.5,15
10111891,4.1242,3,2,3,16
10039029,4.0726,5,1,4.5,3
10268789,2.3739,3,2,5,1
10263672,4.0376,7,1,5,3
10378554,4.0307,3,1,4.5,9
10327921,4.0154,5,3,5,4
10304376,4.0014,5,2,4.5,3
10272356,3.9609,1,1,4,11
10311730,3.9491,1,1,3.5,15
10028602,3.7293,1,1,3.5,7
10272764,3.7194,3,2,4.5,9
10307988,3.6987,1,2,5,5
10111287,3.4699,3,,3.5,10
10379267,3.2761,5,3,4.5,6
10272205,3.2356,3,2,3,1
10028565,3.2283,5,2,4,7
10313180,3.2165,1,2,4,9
10265889,3.0396,7,2,5,2
10236034,2.9406,5,2,4.5,2
10347968,2.8272,3,2,5,2
10258658,2.7978,1,2,3,2
10022546,2.6804,7,1,4.5,2
10267224,2.6464,3,2,4,5
10006893,2.6336,3,1,2,1
10009407,2.6173,7,1,4,1
10259364,2.5322,7,1,5,1
10014422,2.4438,5,2,5,2
10269033,2.443,7,1,5,1
10348524,2.4255,3,2,3.5,3
10268788,2.3848,3,2,5,1
10259359,2.3699,3,1,5,2
10272462,2.3582,3,1,3,2
10261755,2.33,3,2,3,2
10394939,2.2593,3,2,3.5,7
10007969,2.2046,3,1,4,1
10366335,2.005,3,,4,4
10453902,1.894,7,1,4.5,3
10286475,1.8742,3,2,3,3
10314641,1.8441,3,2,0,0
10421252,1.7209,5,1,4,1
10483525,1.6602,3,,0,0
10427265,1.6019,5,2,4.5,2
10258671,1.5627,1,1,0,0
10456484,1.0393,1,2,5,1
10545419,0,3,2,0,0
10041922,12.9365,5,2,4,103
10235890,12.1636,3,2,4.5,104
10264755,11.2556,3,2,4.5,73
10264753,9.7609,3,2,4,75
10039426,8.5459,3,2,4,57
10007938,8.1484,3,2,4,53
10267800,7.9948,1,1,4,56
10017178,7.7461,1,2,3.5,64
10235889,7.1485,3,1,4,22
10354929,5.4308,3,2,4.5,22
10264248,5.3992,1,1,3.5,23
10014347,8.8856,3,1,4,54
10291742,5.2795,7,1,4,10
10307591,5.2031,3,1,4,15
10308425,3.7307,1,2,3.5,15
10367719,3.3401,1,1,4,6
10308451,3.1454,1,2,3.5,10
10026910,68.1488,3,3,5,1869
10005895,53.628,7,3,5,1351
10005585,52.5316,7,3,5,1196
10026952,44.1235,3,3,4.5,701
10011926,43.3499,1,3,4.5,925
10027503,38.5795,5,3,5,685
10010560,38.2519,7,3,5,754
10031426,37.5768,1,4,5,577
10033113,37.4664,1,4,4.5,344
10276593,37.2129,3,3,5,1107
10011170,37.0218,3,3,4.5,917
10235913,34.1675,1,4,4,622
10026962,32.7913,3,2,4.5,496
10028848,32.6439,5,3,5,614
10031466,31.6191,3,3,5,315
10006090,31.3838,5,3,5,315
10031888,30.1796,1,3,4.5,480
10235992,29.826,1,4,4.5,442
10235907,29.4481,1,3,4.5,455
10027546,28.507,3,3,4.5,381
10035554,27.9587,1,3,4.5,500
10028653,27.694,1,3,4.5,297
10033156,27.001,5,2,5,189
10031456,26.8115,1,2,4.5,316
10002863,26.3724,3,2,4.5,248
10003872,26.1245,3,2,4.5,295
10010871,26.0974,5,2,5,207
10013977,25.0432,5,3,4.5,282
10019827,24.81,1,2,4.5,251
10235908,24.7999,3,2,4.5,380
10037289,24.4063,3,1,5,221
10034036,24.2376,3,3,4.5,381
10004781,24.0723,5,3,4.5,129
10031887,23.7689,3,3,4.5,358
10012390,23.5256,3,3,4.5,262
10235922,23.3042,3,3,4.5,297
10006688,23.0844,1,3,4.5,259
10293225,22.7858,3,3,5,232
10298575,22.0603,5,3,5,286
10274952,21.9301,3,2,4.5,247
10023775,21.7608,1,3,4,231
10014345,21.5626,5,3,5,123
10033137,21.277,1,2,4.5,242
10013813,21.0807,5,2,4.5,76
10040340,20.9358,7,2,4.5,162
10259802,20.7941,3,3,5,127
10235993,20.6906,1,3,4.5,109
10026955,20.6381,1,1,5,87
10028648,20.256,3,2,4.5,230
10236017,20.2433,1,1,4.5,176
10235899,20.2298,1,1,4,217
10236155,19.9753,3,2,4.5,242
10261348,19.9437,5,1,5,172
10026896,19.7137,3,2,4,270
10242664,19.6895,3,2,4.5,87
10037534,19.4001,1,3,4.5,250
10036246,19.3999,3,2,4.5,141
10029986,19.1894,5,2,5,197
10032060,19.0574,5,2,5,167
10029819,19.0297,1,1,4.5,93
10035907,18.9167,3,3,4.5,111
10031884,18.8592,3,2,4.5,205
10007086,18.839,5,3,5,81
10041400,18.814,3,2,5,55
10111782,18.7667,5,2,5,103
10004744,18.685,5,2,4.5,105
10033119,18.544,1,2,4.5,59
10027108,18.4314,5,1,5,185
10034011,18.3978,1,2,4.5,147
10028494,18.2913,1,2,4.5,160
10026938,18.2809,3,2,4.5,99
10026957,18.2791,1,2,4.5,118
10258341,18.2277,3,2,4.5,193
10252968,18.0666,1,2,4.5,198
10235919,18.0573,1,3,4.5,86
10111890,17.7647,3,2,4.5,175
10034225,17.7092,5,2,4.5,55
10235927,17.689,3,2,4.5,112
10027315,17.5667,1,2,4.5,102
10027540,17.4117,3,1,4.5,110
10031434,17.3657,3,2,4.5,93
10033216,17.1872,5,1,4.5,101
10036262,16.8261,5,2,4.5,111
10032041,16.6842,5,2,4.5,101
10243572,16.6784,1,3,4.5,115
10011461,16.6571,3,3,4.5,140
10006763,16.6277,3,3,4.5,135
10016234,16.524,3,2,5,135
10235911,16.4319,3,1,4.5,113
10013938,16.1903,7,3,4.5,88
10273406,16.0151,1,2,4,146
10039812,15.968,5,2,4.5,94
10259118,15.8916,1,1,4.5,38
10236157,15.6627,3,1,4.5,132
10031432,15.5984,1,3,4.5,51
10260204,15.3815,3,2,4.5,96
10259901,15.1058,1,2,4.5,142
10037318,15.0559,5,1,5,25
10027534,14.952,3,2,4.5,77
10026939,14.9092,3,2,4.5,91
10031637,14.7733,3,1,4.5,90
10034281,14.6726,1,2,4,130
10259433,14.3763,3,2,4.5,92
10136861,14.2507,3,1,4.5,104
10015097,14.2147,3,3,4.5,91
10008947,14.2093,3,2,4.5,117
10291879,14.082,1,2,4.5,100
10414200,14.0674,1,2,4.5,123
10035721,14.0568,1,1,4.5,103
10026944,13.9598,3,2,4.5,84
10037326,13.9025,5,2,4.5,51
10269473,13.8899,3,2,4.5,99
10028456,13.8009,1,2,4,104
10294476,13.5845,1,2,4.5,101
10022095,13.4062,3,1,4.5,51
10294375,13.3331,1,2,4.5,56
10022595,13.2405,1,1,4,83
10034189,13.2334,3,1,4.5,84
10013268,13.1617,3,2,4.5,58
10381604,13.1348,1,2,4.5,129
10260515,13.1092,5,2,5,34
10018534,13.0192,5,1,4.5,49
10017427,12.9552,5,2,4.5,86
10016528,12.9046,5,3,4.5,97
10036072,12.8265,1,2,4,110
10279543,12.8184,3,2,4.5,54
10235925,12.8074,3,1,4.5,48
10009508,12.7835,3,2,4.5,92
10236037,12.7803,3,1,4.5,69
10031728,12.7515,3,1,4.5,54
10008916,12.7453,7,3,5,15
10112073,12.7401,5,2,4.5,44
10028657,12.6368,3,2,4.5,41
10015707,12.5856,5,1,4.5,76
10036243,12.5301,3,2,4,82
10461398,12.477,7,1,4.5,15
10235905,12.4458,3,2,4,46
10031465,12.4433,5,2,4.5,35
10027494,12.4204,3,1,5,16
10021742,12.3564,1,2,4.5,53
10304804,11.0914,7,2,5,51
10026916,12.3443,3,2,4.5,56
10002434,12.3328,3,3,4.5,74
10235928,12.1316,3,2,4.5,62
10258447,12.1212,5,3,4.5,56
10257832,12.0712,3,3,4.5,81
10257120,12.0193,5,3,5,30
10027530,12.0027,1,,4.5,76
10305598,11.8881,3,3,4.5,75
10035725,11.8718,5,2,4.5,30
10007611,11.8682,5,2,4.5,39
10259504,11.6882,3,2,5,19
10007625,11.6456,3,3,4.5,88
10026919,11.5511,7,2,4.5,25
10259676,11.5232,3,2,4.5,71
10035722,11.5004,1,2,4.5,74
10029616,11.4699,3,2,4.5,102
10270277,11.4265,1,3,4.5,55
10026923,11.3622,3,2,4.5,62
10258345,11.3538,1,,4.5,68
10033115,11.2612,3,2,4.5,67
10280627,11.2337,3,2,4.5,45
10002313,11.2231,3,2,5,34
10005777,11.1583,3,1,4.5,92
10026911,11.1137,3,2,4.5,11
10035749,11.102,1,2,4.5,56
10038502,11.0681,3,2,4.5,36
10026950,11.0661,1,3,4.5,25
10038340,11.001,1,,4.5,60
10037285,10.9092,3,3,4.5,33
10236154,10.9029,1,1,4.5,41
10028484,10.9023,3,2,4.5,49
10268965,10.8726,5,2,5,9
10284283,10.833,3,2,4.5,89
10037327,10.7981,1,,4.5,42
10287617,10.7653,5,2,5,21
10026905,10.6921,1,2,4,76
10018535,10.6665,1,1,4,76
10026904,10.6501,1,2,4.5,25
10261197,10.5922,5,3,4.5,44
10031892,10.54,1,2,4,48
10233574,10.5149,3,2,4.5,15
10027342,10.5092,1,2,4,50
10036242,10.5029,1,2,4.5,40
10271411,10.4936,1,2,4,51
10111582,10.3926,3,2,4.5,16
10031458,10.3894,1,,4,49
10282051,10.3762,1,2,4,54
10034206,10.2251,1,1,4.5,67
10298171,10.2144,3,2,5,28
10035738,4.5726,1,1,3.5,6
10017321,10.1944,1,3,4.5,55
10026964,10.1616,3,1,4.5,29
10028846,10.1545,3,2,4.5,51
10282040,10.123,1,2,4,56
10021734,10.0672,3,1,4.5,53
10041494,10.0461,3,2,4.5,36
10032088,10.0151,5,2,5,21
10041388,9.992,3,1,5,18
10266358,9.985,7,1,4.5,58
10024737,9.9652,3,2,4.5,17
10015881,9.9635,3,3,5,20
10026002,9.9513,5,2,4.5,49
10304683,9.9187,3,2,4.5,70
10269475,9.9175,3,2,4.5,48
10032051,9.8856,1,2,4.5,22
10291166,9.8388,5,1,5,13
10034341,9.8018,3,1,4.5,50
10261350,9.7632,3,2,4.5,40
10359466,9.6678,5,2,4.5,20
10266972,9.6358,5,2,4.5,15
10016346,9.5786,3,2,4.5,35
10292226,9.5661,1,2,4.5,44
10263609,9.5317,3,2,4.5,15
10258337,9.4934,3,,4.5,67
10027809,9.482,3,1,4.5,37
10019938,9.4397,5,2,4.5,32
10258857,4.5504,3,2,4.5,10
10040347,9.3777,3,1,5,6
10288963,9.3398,1,2,4.5,23
10260887,9.3159,1,3,4,47
10034024,9.3132,3,2,4.5,35
10028660,9.2057,1,1,4.5,40
10260286,9.1813,1,,5,22
10478156,9.1458,5,,5,61
10005121,9.1334,1,3,4.5,30
10235912,9.1179,5,1,4.5,34
10027114,9.0929,3,1,4.5,48
10021862,9.023,1,2,4,50
10266346,8.9945,5,1,4.5,20
10005425,8.9558,1,4,4.5,33
10027529,8.9347,3,1,4,38
10027557,8.9056,5,2,4.5,31
10288910,8.9017,3,2,4.5,61
10253165,8.9014,1,2,4.5,32
10042336,8.856,5,2,4.5,10
10027717,8.8551,3,1,4.5,19
10243571,8.8292,5,1,4.5,21
10308382,8.7899,3,,5,19
10042427,8.7897,3,2,3.5,65
10259608,8.725,5,,5,20
10041363,8.6733,7,3,5,19
10252471,8.6534,3,2,4.5,57
10028844,8.6067,1,1,3.5,42
10259589,8.5927,5,,4.5,16
10032056,8.5893,1,2,4,40
10031454,8.5823,5,2,4,21
10259651,8.5779,3,,5,15
10236134,8.5634,1,1,4.5,43
10259009,8.5588,1,2,4,21
10261858,8.475,5,2,4.5,17
10270718,8.4685,3,1,4.5,27
10271975,8.4166,7,2,5,7
10040395,8.2998,3,1,4,9
10036080,8.2182,3,2,4,40
10264714,8.1637,5,,5,5
10038389,8.1448,5,2,4.5,6
10039802,8.1262,3,2,4.5,10
10014917,8.1202,1,1,4.5,26
10024732,8.0511,3,1,4,20
10268546,8.0031,3,3,5,4
10262771,7.9825,7,1,4.5,17
10035726,7.9674,1,2,4.5,12
10034188,7.9433,5,1,5,18
10018565,7.9193,5,2,4.5,13
10264128,7.9047,1,2,4,29
10290424,7.8604,5,2,5,8
10003960,7.8578,3,2,4.5,7
10037319,7.8564,3,2,4,12
10031490,7.8553,5,2,5,5
10284103,7.8498,3,2,4,44
10029818,7.8319,5,2,5,20
10273720,7.8216,5,2,5,8
10028852,7.7884,1,2,4.5,29
10267424,7.7781,3,1,4.5,45
10299148,7.7671,5,3,5,9
10350229,7.6541,3,3,4.5,20
10025376,7.6459,1,2,4.5,19
10006546,7.6357,5,1,4,24
10027103,7.5673,3,2,4,25
10352647,7.5645,1,2,5,36
10307007,7.5484,5,2,4.5,26
10259543,7.5371,1,,4.5,10
10267195,7.5226,3,,4,33
10035728,7.5201,3,2,4.5,12
10111580,7.4419,3,2,4.5,6
10290403,7.44,5,1,4.5,26
10292110,7.437,5,2,5,18
10032046,7.4263,1,1,4,33
10257664,7.3937,1,2,4.5,18
10002869,7.3753,3,2,4.5,28
10003612,7.3647,3,1,4,31
10031731,7.2963,3,1,4.5,16
10305334,7.2814,1,3,4,24
10029806,7.2659,1,1,4.5,12
10035931,7.1915,1,2,4.5,15
10036219,7.1819,7,2,4.5,10
10027548,7.1641,1,2,4.5,12
10007207,7.1571,1,1,4,15
10039816,7.131,3,2,5,10
10299947,7.0948,5,2,4.5,11
10263524,7.0861,1,1,4,29
10011681,7.0797,5,2,5,6
10038186,7.0519,1,2,4,19
10362147,7.013,3,2,5,29
10032919,6.9957,3,1,4.5,7
10296372,6.9667,3,2,4.5,31
10304324,6.9658,5,1,5,17
10033146,6.9399,5,2,4,18
10028652,6.9249,3,2,4.5,15
10036245,6.9052,3,2,5,4
10008108,6.8985,3,2,4,17
10034193,6.897,3,,5,18
10392957,6.8465,1,1,4.5,29
10235988,6.7505,3,1,3.5,12
10311335,6.7449,7,3,4.5,17
10267411,6.7426,5,2,4.5,7
10295748,6.7246,1,3,4.5,11
10034226,6.7159,5,2,4.5,6
10290389,6.6745,3,2,4.5,18
10234765,6.6655,5,2,4,18
10273123,6.6282,7,1,4.5,10
10312302,6.6014,3,2,4.5,21
10010668,6.5937,5,1,5,9
10269468,6.5925,3,2,4.5,21
10210284,6.5438,1,2,3.5,36
10290416,6.514,5,1,5,4
10027026,6.4956,1,2,3.5,29
10270274,6.475,5,,4.5,31
10260560,6.4692,5,2,4.5,5
10029817,6.4665,1,,4,9
10238799,6.4582,3,1,4,18
10311400,6.4296,5,2,4.5,14
10264890,6.4239,3,1,4,10
10026761,6.417,1,1,4,11
10294720,6.3979,5,2,4.5,14
10290742,6.3869,3,3,4.5,9
10111583,6.3417,5,2,5,5
10035755,6.3348,3,2,4.5,16
10259141,6.3167,3,1,4.5,11
10271978,6.3061,5,2,4.5,15
10261263,6.2698,3,,4.5,14
10009688,6.2628,5,2,5,6
10262809,6.2578,7,1,5,4
10264894,6.2486,5,1,5,7
10263504,6.2306,3,2,4.5,19
10032039,6.1328,1,2,4.5,9
10024378,6.1221,1,1,5,4
10028861,6.1203,3,,5,5
10236194,6.1189,3,1,4.5,13
10236152,6.1112,1,2,4,16
10029615,6.0963,3,2,4.5,10
10260246,6.0385,5,,3.5,14
10272192,6.0091,3,2,4,29
10313001,6.0067,7,2,5,7
10029617,5.9953,1,1,4,19
10111581,5.9358,5,2,5,3
10027504,5.9322,7,2,5,3
10257681,5.9282,3,2,4.5,3
10269520,5.9141,5,2,4.5,6
10253849,5.8916,1,1,4,12
10269470,5.885,5,2,4,18
10034192,5.8732,5,2,5,3
10468262,5.8695,5,2,4.5,11
10303635,5.8577,5,,5,6
10027495,5.832,1,2,4.5,10
10040316,5.8088,3,2,5,11
10236121,5.7647,5,1,4.5,15
10272440,5.744,3,1,4.5,11
10028939,5.7392,3,2,4,16
10033206,5.7351,3,2,4.5,12
10311716,5.7274,5,3,4.5,7
10312633,5.6891,5,2,5,6
10310779,5.6781,5,1,4.5,19
10037358,5.6681,1,1,4.5,4
10041482,5.6633,1,1,4,15
10331144,5.6318,5,2,4,7
10020785,5.6185,3,1,5,5
10288911,5.6176,3,2,4,9
10259682,5.5985,3,,4.5,8
10029590,5.5934,1,2,4.5,6
10307674,5.5789,3,1,4.5,19
10027353,5.5684,3,1,4.5,8
10290539,5.5529,7,2,4,5
10273341,5.5467,5,2,4,9
10001110,5.5203,3,2,4,18
10267018,5.5177,5,2,4.5,6
10026953,5.5093,1,,3.5,7
10032037,5.4983,3,1,4.5,11
10301566,5.4762,1,2,4.5,12
10326312,5.473,5,2,5,8
10314256,5.4417,7,2,4.5,13
10259066,5.4395,3,1,4.5,7
10269533,5.4354,5,2,4.5,7
10289662,5.4194,5,3,4.5,10
10257674,5.3916,3,2,5,11
10266420,5.3462,3,3,4.5,7
10291591,5.2599,1,1,4,25
10029965,5.222,3,2,4,13
10259020,5.2213,5,2,4.5,8
10292318,5.217,5,2,4.5,7
10018603,5.2131,3,1,4.5,7
10025307,5.2099,3,2,4,15
10364031,5.2079,3,2,4.5,21
10019022,5.2022,1,,4,6
10004912,5.1829,3,2,4,13
10021822,5.1521,3,2,4,4
10265884,5.1507,7,1,5,4
10259119,5.1416,5,2,4.5,7
10269462,5.1381,5,2,3.5,7
10292701,5.1327,3,2,4.5,12
10345361,5.1116,5,2,4.5,8
10253027,5.1099,1,1,4,12
10259017,5.1075,3,1,4,14
10259104,5.0797,3,2,4.5,5
10036285,5.0452,1,1,4,12
10029957,5.0433,3,,4.5,10
10271302,5.0371,3,2,4.5,11
10019019,5.0144,5,2,5,5
10320433,5.0102,3,1,5,5
10038352,5.0014,3,2,4.5,6
10018608,1.9826,3,2,4,1
10299877,4.9674,3,2,4.5,9
10354077,4.9377,3,2,4.5,12
10019002,4.9309,5,2,4,10
10259018,4.919,3,2,5,4
10024435,4.9066,5,1,4,4
10257677,4.8873,5,2,4.5,6
10270309,4.8767,3,2,4.5,6
10023041,4.8732,5,1,4,7
10350206,4.8655,3,2,5,8
10301041,4.8513,3,2,4.5,4
10315482,4.8483,1,3,4,8
10036254,4.8268,7,2,5,4
10036469,4.817,3,2,4,8
10314258,4.7893,3,2,4,8
10301523,4.7705,3,,4,6
10292546,4.7569,3,1,4.5,4
10028692,4.7339,5,2,4.5,2
10036280,4.73,3,1,4,7
10035897,4.7289,5,2,4,9
10027127,4.65,3,2,5,1
10264117,4.6445,1,2,4,8
10273332,4.6377,3,2,4.5,9
10027528,4.6145,3,1,4.5,4
10400843,4.6094,7,3,5,4
10290290,4.6019,3,2,4,7
10328718,4.5931,5,2,4.5,7
10258333,4.541,3,2,4,12
10369329,4.5269,5,1,5,10
10401083,4.5248,3,2,5,13
10041359,4.5241,1,3,5,8
10019814,4.509,3,2,4,4
10253339,4.4926,1,2,4.5,5
10265927,4.4638,3,1,4.5,5
10268367,4.418,3,1,3.5,14
10027567,4.4179,5,2,4.5,6
10029823,4.3944,5,1,4.5,3
10264663,4.3555,1,1,4.5,11
10333949,4.3553,3,2,4.5,6
10264665,4.3485,1,1,4.5,4
10314574,4.3306,3,2,4.5,7
10031264,4.3292,3,1,3.5,3
10407847,4.3189,1,3,4,7
10270224,4.3179,5,2,5,8
10112030,4.2697,5,2,4.5,3
10037317,4.2347,1,,4.5,2
10313394,4.2334,7,1,5,2
10236122,4.2272,1,2,4.5,7
10319722,4.2183,5,2,5,6
10263526,4.2143,3,1,4.5,10
10405507,4.1838,3,2,5,4
10042158,4.171,3,2,4.5,3
10462912,1.5801,1,1,4,1
10257650,4.1674,3,2,4,9
10252780,4.1634,3,1,4.5,9
10031504,4.158,5,1,4,9
10359192,4.1455,3,2,4,12
10309528,4.1315,5,2,5,5
10273340,4.12,3,2,3.5,4
10037283,4.0714,1,2,3.5,8
10322676,4.0631,5,1,4.5,5
10258641,4.062,3,2,4,3
10027101,4.0486,1,3,4,6
10039656,4.0467,3,2,3.5,9
10040336,3.9829,3,2,3.5,7
10273345,3.9765,3,2,3.5,7
10368984,3.9602,5,2,5,12
10323769,3.9408,5,3,5,5
10026766,3.94,1,2,1,2
10393687,3.9347,1,1,4.5,7
10034166,3.9136,3,2,5,4
10033201,3.9025,5,1,3.5,8
10335590,3.8867,1,3,4,8
10020789,3.8746,3,2,4.5,6
10302879,3.8631,5,1,4,3
10269471,3.7892,3,2,4,4
10236132,3.7783,1,2,4,4
10484544,3.7773,1,,4.5,9
10039961,3.7747,1,3,4.5,142
10258332,3.7459,1,,4.5,4
10345726,3.7266,3,2,4,7
10258334,3.7014,1,,4.5,3
10310470,3.6903,7,1,4.5,9
10313020,3.6844,1,2,4.5,2
10313072,3.6826,5,1,4,5
10454609,3.6809,5,1,5,11
10270271,3.6727,3,,4,3
10348128,3.6559,5,2,5,2
10318368,3.6402,3,2,4,7
10270059,3.6185,3,2,4.5,4
10342905,3.5344,1,2,3.5,4
10364030,3.4995,3,2,4.5,9
10316154,3.4973,5,,4.5,3
10036294,3.4957,3,1,4,3
10236138,3.4822,3,1,3.5,9
10033164,3.4731,5,1,5,1
10350195,3.4641,3,2,4.5,3
10414982,3.4547,3,1,4.5,8
10320138,3.367,3,2,4.5,4
10305513,3.3649,3,1,3.5,3
10315406,3.353,1,1,4.5,6
10027732,3.3423,3,,3.5,8
10358333,3.3346,3,2,4.5,3
10316793,3.3322,7,1,4.5,2
10311983,3.3036,1,2,5,4
10257654,3.2797,3,2,4,2
10006900,3.2585,3,2,4,2
10028862,3.2247,3,,0,0
10016753,3.2048,3,2,2.5,2
10034008,3.1752,1,2,4,2
10259114,3.1696,5,2,4,1
10259147,3.1643,1,1,4.5,2
10032078,3.1572,5,,5,2
10037321,3.1247,1,1,3,1
10271700,3.1202,5,1,5,1
10258349,3.1069,3,,4,6
10026970,3.1051,5,2,0,0
10273342,3.1041,3,2,3.5,3
10259115,3.0933,5,2,5,2
10467877,3.088,3,2,4.5,3
10400638,3.0864,5,1,4,4
10312298,3.0743,1,2,4.5,2
10269763,3.0654,1,2,3,2
10419777,3.0414,3,,4.5,6
10272277,3.0192,5,2,0,0
10037386,3.0141,3,,3.5,2
10312628,2.9671,3,2,5,2
10267412,2.9669,3,2,0,0
10506284,2.955,3,,4.5,3
10264670,2.9488,3,1,4.5,3
10270902,2.9399,3,3,4.5,2
10334875,2.9343,5,2,4,5
10302606,2.9165,3,2,5,1
10295603,7.5505,3,1,4,31
10031729,2.914,3,1,0,0
10013404,2.9039,1,1,3.5,3
10271175,2.9014,3,2,4,4
10027507,2.8999,3,2,5,2
10270272,2.8893,7,,1,1
10369327,2.8809,3,1,4,5
10031643,2.8752,1,,3.5,3
10259022,2.8727,5,4,0,0
10478855,2.8689,5,1,5,5
10309880,2.8587,3,2,5,1
10300210,2.8449,5,3,5,1
10035715,2.8265,3,1,4,1
10258329,2.8228,1,,3.5,6
10270273,2.7879,1,,4,1
10252779,2.7621,3,1,4,2
10035754,2.7491,5,1,3,1
10263522,2.7426,3,2,5,1
10355861,2.7295,3,1,5,2
10388810,2.7228,5,,3.5,6
10336696,2.6934,3,1,4.5,3
10257651,2.6594,3,2,0,0
10038503,2.6448,3,1,4.5,2
10356648,2.6387,3,2,3.5,7
10020646,2.6317,1,1,3,2
10343125,2.6308,3,2,5,2
10257620,2.6175,3,1,3.5,2
10033123,2.6147,3,2,3.5,2
10111638,2.6113,3,2,1,1
10021733,2.6064,3,,0,0
10259013,2.6032,7,1,4,1
10273218,2.6017,7,2,0,0
10262825,2.5781,7,1,0,0
10304145,2.559,3,2,3.5,5
10269469,2.558,3,2,5,1
10263616,2.5225,7,2,5,1
10319970,2.5114,3,2,3,1
10027515,2.5081,3,1,0,0
10032086,2.5064,5,2,5,1
10027565,2.5058,5,2,0,0
10269463,2.5003,1,2,4,2
10268353,2.4703,5,3,4.5,2
10027721,2.4651,1,,4,1
10270279,2.4162,3,,0,0
10022580,2.4142,7,,4,1
10400643,2.3923,3,2,5,1
10311964,2.3687,3,1,4,2
10038390,2.3624,5,2,4,2
10266321,2.3618,1,1,3.5,3
10041493,2.3458,1,,4,1
10264127,2.3375,1,1,2,1
10262823,2.3312,5,1,0,0
10312153,2.3277,5,3,3,1
10002139,2.3185,5,2,5,1
10420957,2.2955,7,2,4,1
10267055,2.2945,3,,0,0
10294566,2.2848,5,2,0,0
10269474,2.2786,1,2,3,1
10371837,2.2756,5,1,4,3
10270249,2.2589,1,,3.5,2
10040302,2.222,3,,2.5,2
10027722,2.2192,3,,3,1
10037320,2.2062,5,2,0,0
10264130,2.1597,1,1,3,1
10291229,2.155,7,2,4,2
10418330,2.1531,7,1,5,2
10259085,2.1287,3,2,0,0
10528381,2.1094,1,3,4.5,3
10344453,2.0796,1,2,5,2
10264672,2.075,1,1,0,0
10341188,2.0733,5,2,5,2
10336074,2.0525,3,3,5,1
10038496,2.0467,3,,2,1
10320139,2.041,5,2,0,0
10314387,2.0379,5,2,0,0
10299404,2.0274,7,1,5,1
10478797,2.0133,3,2,5,3
10269467,2.0031,1,2,0,0
10022053,1.9954,3,1,0,0
10264120,1.9874,3,2,4,1
10396556,1.9866,3,2,4.5,2
10264122,1.951,3,2,4,2
10396557,1.9383,3,2,3.5,3
10315438,1.9309,3,1,5,1
10259106,1.9262,5,2,0,0
10472836,1.9222,3,1,5,2
10269465,1.9167,1,2,0,0
10042325,1.8604,5,1,0,0
10270254,1.8555,1,,0,0
10332210,1.8551,3,,4,1
10031446,1.8169,3,,5,1
10257652,1.8094,3,2,4,1
10308381,1.7862,3,,4,2
10258344,1.7763,1,,4,2
10483854,1.7737,1,,5,1
10388993,1.7716,5,1,4.5,2
10040394,1.7579,3,1,2,1
10293872,1.7357,5,2,3,1
10335544,1.7286,5,2,4,1
10257653,1.7169,5,2,0,0
10003914,1.7075,1,1,3,1
10257658,1.7058,3,2,0,0
10257676,1.6931,3,2,4,2
10336695,1.6823,5,2,4,1
10372809,1.6658,7,2,5,1
10327774,1.6593,5,1,0,0
10517641,1.5999,5,2,4,5
10111637,1.5663,3,1,3.5,10
10261704,1.5654,3,2,0,0
10270286,1.5523,5,,0,0
10351113,1.5485,7,2,5,1
10257657,1.5431,3,2,3,1
10331143,1.5367,3,,0,0
10310060,1.4981,5,2,0,0
10369012,1.4581,5,2,0,0
10480470,1.4549,7,1,0,0
10327394,1.4544,5,1,0,0
10003613,1.4391,3,,4,1
10290223,1.4361,7,2,0,0
10259149,1.4111,3,1,0,0
10316147,1.3858,3,1,4.5,2
10297082,1.3743,5,2,0,0
10258330,1.365,1,2,5,1
10484490,1.3415,3,,4.5,2
10484535,1.3375,7,2,4,1
10039797,1.3135,5,2,1.5,4
10383306,1.3094,7,2,3,1
10483742,1.3052,1,1,0,0
10420666,1.304,5,3,5,1
10523443,1.2977,3,2,5,1
10428358,1.294,5,3,5,2
10257656,1.2719,3,2,0,0
10485496,1.252,5,1,5,1
10527706,1.2269,5,1,4,2
10522184,1.2263,7,1,5,1
10467435,1.1832,3,,0,0
10540716,1.1497,5,2,5,2
10541145,1.1052,3,,3,1
10015941,1.0316,3,,0,0
10527108,0.9989,5,2,0,0
10501331,0.9673,3,,0,0
10541171,0.9519,3,,0,0
10541099,0.9264,3,,0,0
10541084,0.9213,3,,0,0
10541116,0.9213,3,,0,0
10541144,0.9136,3,,0,0
10497238,0.8572,7,2,0,0
10458560,0.8463,3,1,5,1
10483879,0.8451,5,2,3,1
10461840,0.7015,5,1,0,0
10258991,0.6729,1,2,1.5,3
10540136,0.3871,5,2,4,2
10541335,0.1941,3,1,0,0
10545116,0,5,2,5,3
10026705,83.0341,3,4,4.5,2991
10235688,65.477,5,3,5,1599
10008208,54.6336,3,4,4.5,1651
10012319,52.036,3,3,5,841
10031204,45.8306,1,3,4.5,866
10026711,44.9877,5,3,5,888
10264164,44.3632,1,3,4.5,883
10238357,39.0729,1,3,4.5,724
10235698,38.7945,5,3,4.5,824
10035513,38.7433,3,3,4.5,614
10010318,37.8313,3,3,4.5,927
10041185,34.4488,3,2,4.5,448
10031203,33.4693,5,3,5,397
10043053,32.9579,3,2,4.5,522
10249728,32.0935,3,3,4.5,476
10112141,31.6959,5,3,5,550
10028391,31.0555,3,3,4.5,496
10238728,28.796,1,2,4.5,250
10235677,28.4165,3,3,4.5,496
10235706,28.4035,5,3,5,344
10030658,28.2017,1,3,4.5,522
10011242,26.7174,5,3,4.5,340
10026708,26.2324,1,3,4.5,370
10035508,25.238,1,3,4.5,368
10111552,23.5712,5,3,5,267
10003209,23.2203,5,2,5,107
10037044,22.8281,3,2,4.5,175
10028402,22.6281,5,3,5,309
10235697,21.9963,1,3,4.5,222
10041193,21.6951,1,2,4.5,267
10235739,21.2884,5,3,5,158
10235712,21.1836,3,3,4.5,277
10003950,21.0644,5,2,4.5,240
10235699,21.0145,3,4,4.5,228
10317586,20.8615,3,2,5,141
10041187,20.6322,1,3,4.5,240
10026713,20.3382,3,1,4.5,135
10038099,19.6972,1,3,4.5,232
10292656,19.4896,3,2,5,113
10026702,19.0785,3,2,4.5,183
10012254,19.0361,5,1,4.5,190
10297828,18.6678,3,,4.5,238
10291251,18.5816,3,2,5,104
10033941,18.4971,3,3,4.5,193
10235681,18.3733,5,2,5,70
10033876,18.1745,3,3,4.5,240
10235802,17.9683,5,2,4.5,141
10002801,17.9093,3,2,4.5,190
10363771,17.8462,5,2,5,140
10001492,17.4926,3,3,4.5,131
10293112,17.331,3,3,4.5,146
10005393,16.6696,5,1,4.5,111
10293307,16.5198,3,2,4.5,62
10258578,16.5094,3,1,4,206
10235741,16.4705,5,1,5,72
10030593,16.2627,1,1,4.5,173
10320915,16.0138,3,2,4.5,149
10272716,15.733,7,1,4.5,48
10000412,15.6444,3,3,4,101
10010458,15.471,3,2,4.5,128
10106086,15.2049,1,3,4.5,87
10289358,15.1983,3,2,5,23
10235810,14.7896,3,1,4.5,158
10248248,14.7715,3,1,4.5,77
10296119,14.5188,3,2,4.5,77
10263499,14.3872,3,1,4.5,106
10264059,14.3272,1,3,4.5,105
10290799,14.2067,3,2,4.5,52
10033934,14.2041,1,3,4.5,100
10031845,14.1369,3,3,4.5,119
10235769,14.1126,3,2,4.5,96
10284205,14.0678,3,2,4.5,95
10267490,14.002,1,2,4.5,122
10033889,13.9597,3,1,4,118
10259076,13.9396,7,2,4.5,79
10018356,13.9155,5,1,4.5,76
10031830,13.8078,5,1,5,44
10293115,13.7925,3,2,4.5,33
10271463,13.7908,3,3,4.5,83
10235788,13.7732,3,2,4.5,76
10249822,13.5973,1,2,4.5,59
10299305,13.2626,3,2,4.5,24
10007866,13.2069,3,2,5,69
10111780,13.1672,3,,5,47
10277364,13.1538,1,2,4.5,101
10274329,13.132,1,2,4.5,129
10250371,13.0612,3,2,4.5,81
10030653,13.0545,3,2,4.5,125
10038088,13.0231,3,1,4.5,26
10241603,12.9199,1,3,4.5,83
10013526,12.9172,5,2,4.5,52
10002585,12.816,3,1,4.5,45
10255921,12.7726,1,3,4.5,68
10270326,12.6549,1,2,4.5,69
10008051,12.6267,1,2,4,109
10236189,12.2737,1,1,5,53
10248242,12.262,1,3,4.5,32
10017559,11.8259,5,2,5,25
10254185,11.5216,3,1,4,60
10258922,11.4416,3,1,4.5,44
10018316,11.3623,1,2,4.5,54
10258930,11.3221,3,1,4.5,63
10258323,10.9801,7,3,4.5,19
10008056,10.8043,3,2,4.5,61
10239321,10.7041,3,2,4,66
10279359,10.5667,1,2,4.5,26
10240894,10.0475,3,2,4.5,40
10235711,9.9247,5,1,5,24
10263386,9.9148,3,2,4.5,16
10263389,9.8782,3,1,4.5,39
10275682,9.8561,3,2,4.5,40
10272876,9.8415,1,2,4.5,35
10265217,9.8002,3,1,4.5,38
10264634,9.7464,1,3,4,62
10236182,9.5991,3,1,4,39
10265442,9.3496,1,2,4,44
10002501,9.3427,1,3,4,76
10266708,9.3186,3,1,4.5,37
10289369,9.3077,3,,5,36
10030657,9.2145,3,,4.5,51
10344418,9.1322,5,1,4.5,37
10017560,9.0981,3,2,4,41
10289234,9.0967,3,2,4.5,38
10314923,9.0569,1,2,4.5,20
10028396,8.9639,3,2,4,49
10002944,8.8702,1,1,4,59
10038098,8.8658,3,2,4,37
10236179,8.8522,7,1,4.5,17
10039066,8.8472,1,2,4.5,42
10264641,8.7418,7,2,4.5,26
10031837,8.6946,3,2,4,30
10274038,8.6828,5,2,4.5,13
10267446,8.6158,7,2,4.5,6
10268030,8.5139,3,,4.5,45
10264716,8.4439,1,1,4,40
10236038,8.4226,3,2,4.5,39
10266319,8.4077,5,2,4.5,39
10006227,8.3959,3,2,4.5,31
10235791,8.3768,3,1,4,13
10269076,8.3331,3,2,4.5,17
10030655,8.288,3,1,4.5,13
10263500,8.238,3,2,4,41
10026706,8.1768,3,,4.5,3
10281307,8.0874,5,2,4,32
10258580,7.9413,3,1,4.5,12
10293283,7.9283,5,2,5,8
10028436,7.8443,3,2,4,15
10273673,7.7754,7,2,4.5,15
10236186,7.7626,3,2,4.5,21
10306840,7.5939,7,2,4.5,19
10236039,7.5899,3,1,4.5,47
10004128,7.528,1,2,4,38
10013832,7.2383,5,2,4.5,23
10290912,7.2098,7,1,4.5,5
10302787,7.1581,3,2,4,7
10236176,7.1255,3,1,3.5,23
10013322,7.0599,3,,4,15
10000730,7.0522,1,1,4.5,28
10005709,7.0174,5,1,4.5,10
10348232,7.0064,5,3,5,13
10007989,6.9925,3,2,4,31
10028379,6.9486,3,,4.5,27
10255924,6.8841,1,2,4,25
10012441,6.8617,3,1,4,33
10235811,6.8545,5,,4.5,12
10288992,6.8538,3,,4.5,28
10263505,6.7946,7,1,5,4
10310851,6.7098,1,1,4.5,24
10341169,6.694,3,1,4,30
10235721,6.6558,5,1,4.5,11
10008311,6.64,3,2,4.5,15
10008082,6.6185,5,1,4.5,17
10483902,6.5789,5,,5,8
10351832,6.5664,3,3,4.5,30
10308121,6.4631,5,2,5,3
10042102,6.4324,3,2,3.5,21
10021545,13.3928,1,1,4,125
10267072,6.3905,1,2,4,18
10303226,6.3451,3,2,4.5,14
10328652,6.285,1,2,4.5,17
10263510,6.2429,3,1,4.5,7
10347650,6.2212,5,2,5,6
10001960,6.0863,1,,4.5,10
10316689,6.0724,3,1,4,28
10299308,5.9579,3,2,4.5,6
10009217,5.9468,3,1,4,5
10002726,5.8592,1,2,4,15
10239051,5.7165,3,,4,11
10006093,5.6387,1,2,4.5,7
10009678,5.5178,5,2,4.5,4
10009887,5.4705,3,,4.5,4
10325732,5.4503,5,1,4.5,16
10267447,5.4235,7,2,5,6
10384471,5.3997,5,1,4.5,18
10255923,5.3295,1,2,4,12
10293388,5.2538,1,2,4,24
10352842,5.2114,5,2,5,4
10323206,5.2109,1,2,4,9
10415387,5.149,5,2,4.5,13
10326635,5.0681,3,,4.5,9
10328654,5.0095,1,2,4,16
10296253,5.0068,3,1,4,8
10236040,4.9624,1,,4,14
10335093,4.9281,1,,4.5,7
10325906,4.8159,1,2,4.5,12
10346961,4.795,3,1,4,22
10325904,4.7128,1,2,4.5,17
10296245,4.7121,3,2,4.5,4
10033938,4.7117,1,1,3,13
10013146,4.6134,3,1,4.5,3
10505446,4.5618,5,3,5,1
10241201,4.5546,3,1,4.5,3
10331490,4.5096,5,2,4.5,5
10328659,4.4651,1,2,4.5,11
10333886,4.4465,3,2,4,13
10415389,4.3295,3,2,5,4
10325905,4.2256,1,2,4.5,11
10353375,4.0973,3,1,4.5,9
10233312,4.0957,3,1,4,4
10297065,4.074,3,1,4,5
10003889,4.0572,1,2,3.5,19
10336110,3.9215,5,1,4,14
10328656,3.9114,1,2,3.5,11
10290968,3.787,3,2,4.5,4
10325911,3.7082,1,2,4,10
10293306,3.7072,5,1,4.5,3
10258032,3.5356,1,3,4,6
10503810,3.3709,3,,4.5,7
10327225,3.3535,3,,4.5,3
10328707,3.31,3,1,5,1
10506769,3.1709,3,2,4.5,6
10236195,3.1509,3,1,3,5
10301761,3.1347,7,1,4.5,2
10267489,3.096,5,2,5,1
10336304,2.9943,3,2,4,1
10415394,2.97,5,2,5,3
10111550,2.9671,5,,0,0
10505928,2.9645,3,2,5,3
10486536,2.9523,5,2,4.5,10
10456353,2.9021,5,1,5,7
10008197,2.8506,3,2,3.5,3
10340524,2.712,3,1,5,1
10296241,2.7046,3,2,3.5,2
10500519,2.5737,3,1,4,1
10515687,2.5233,7,1,4.5,5
10361121,2.49,5,3,4.5,2
10396877,2.4849,3,2,3.5,6
10507386,2.4505,3,1,4.5,3
10328712,2.2781,5,2,5,3
10487502,2.2389,3,2,3.5,8
10387901,2.2328,3,2,3,4
10345950,2.2168,3,2,5,1
10486777,2.1633,5,1,5,1
10415397,2.0274,5,2,5,2
10415362,1.7872,3,2,4,2
10325907,1.7866,3,1,3,1
10511605,1.7582,7,1,4.5,3
10370401,1.674,7,1,0,0
10255922,1.2883,1,3,4,15
10523664,1.2874,1,2,4,1
10010273,0.6317,3,2,2.5,2
10535820,0.4729,5,1,0,0
10038836,13.6862,1,3,4.5,150
10001023,11.4918,1,3,4.5,97
10035361,7.8388,1,,4.5,35
10003581,6.576,1,3,4,32
10236004,6.4188,1,1,3.5,42
10017338,5.9688,1,1,4,22
10034730,5.8949,1,1,4,16
10016305,5.8175,1,3,3.5,26
10016478,5.7149,1,3,4,28
10025862,5.1776,1,3,4.5,10
10002315,5.0211,1,2,3.5,19
10017967,4.9702,1,2,4.5,12
10111232,4.9089,1,,4.5,14
10026433,4.4652,1,1,4,8
10294502,4.3565,1,2,4,16
10013214,4.0845,1,3,3,17
10347885,3.9733,1,2,4,14
10005233,3.8391,1,3,4,10
10015102,3.6618,1,3,3.5,9
10013481,3.6456,1,3,3,17
10030904,3.3403,1,2,4.5,9
10236016,2.9109,1,3,2.5,8
10236014,2.7516,1,3,3,6
10267812,2.302,1,1,3.5,5
10003259,2.2989,1,3,3,3
10013224,2.2447,1,1,2.5,9
10267811,2.2335,3,1,4,1
10021066,2.0122,3,1,3,1
10294501,1.9961,1,1,3,3
10395621,1.9875,1,1,4,7
10267870,1.3258,1,1,0,0
10259207,4.7291,3,1,4,26
10042890,15.7128,3,2,4.5,204
10018166,9.1546,3,2,4,64
10018164,8.6337,3,2,4,53
10033779,6.2936,1,2,4.5,12
10323594,6.2548,1,2,4,28
10338879,5.8174,1,1,4.5,29
10265729,5.6075,3,1,4,35
10249715,5.4929,3,2,4,22
10351455,3.555,1,2,4,15
10018161,3.1253,3,2,3.5,3
10331078,3.0381,1,,4,7
10496321,2.8118,1,2,4.5,13
10495796,1.8294,1,1,4,5
10337618,1.7891,1,2,3.5,4
10369418,1.7808,1,2,3.5,3
10496311,0.688,1,2,3,1
10236102,15.2418,3,1,4.5,157
10234750,12.2808,1,,4.5,105
10028243,9.1278,1,2,4.5,30
10236103,8.9965,1,1,4,63
10003973,8.5146,1,1,4,44
10236104,7.8669,1,1,4,43
10039482,6.7575,1,2,3.5,36
10268406,6.5465,1,2,4,46
10023428,6.1532,3,,4,25
10236097,6.0857,5,2,4,16
10269382,6.0838,1,2,4,25
10039481,5.9372,3,,3,21
10272353,5.786,3,1,4,32
10269383,5.7852,3,1,4,19
10236099,5.7394,1,2,3.5,39
10236100,5.715,1,1,4,28
10288689,5.2051,1,1,3.5,28
10339232,4.8467,1,2,4.5,16
10236062,3.9417,1,,3.5,17
10037956,3.8669,1,,3.5,8
10030501,3.8619,3,2,3.5,15
10236098,3.8103,3,,3.5,14
10041962,3.7453,3,2,3.5,9
10037955,2.7447,1,1,3,4
10474893,2.6282,3,1,4.5,3
10382120,2.5053,3,2,4.5,4
10033788,1.841,3,1,2,5
10039483,0.8053,3,1,3.5,6
10006208,43.9161,5,3,5,1123
10006042,34.8209,3,4,4.5,679
10241910,31.0667,3,3,4.5,578
10260660,30.4711,3,3,4.5,343
10010417,28.714,5,3,4.5,426
10279767,28.5985,5,3,5,597
10235826,27.4348,1,2,4.5,388
10012621,23.0276,3,2,4.5,279
10260691,19.8649,3,3,4.5,252
10258661,19.718,1,3,4.5,210
10000347,19.5693,5,1,4.5,247
10274864,18.9631,3,2,4.5,246
10016038,18.9298,3,2,4.5,131
10235832,18.0618,1,2,4.5,263
10011593,17.817,3,2,5,163
10000030,17.7959,5,3,4.5,152
10016942,17.468,3,2,4.5,230
10009072,16.9863,1,2,4,250
10277873,16.931,3,2,4.5,206
10002987,16.2034,1,3,4,220
10015501,16.0589,3,1,4.5,102
10030291,15.7278,1,3,4.5,173
10007378,15.5088,3,3,4.5,177
10258677,15.2347,3,2,4.5,150
10014248,14.9756,3,3,4.5,146
10007829,14.9032,1,2,4.5,176
10356531,14.1795,1,3,4.5,122
10010045,14.0517,5,2,4.5,106
10355329,13.5931,3,3,5,119
10011223,13.4,3,1,4.5,102
10013878,12.6934,3,2,4.5,63
10013403,12.4132,7,2,4.5,73
10007749,12.4093,3,2,4.5,79
10014845,12.2976,3,1,4.5,65
10258683,12.0947,3,2,4,112
10302636,11.9862,3,2,4.5,86
10289730,11.8602,3,3,4.5,79
10289978,11.7124,5,1,4.5,55
10235861,11.696,5,3,4.5,82
10014213,11.5237,3,1,4.5,59
10009328,11.4985,3,2,4.5,96
10008614,11.3532,3,2,4.5,66
10000541,11.3439,5,1,5,71
10013499,11.3435,1,2,4.5,81
10007701,11.3141,3,2,4.5,48
10007431,11.2798,3,1,4.5,85
10235834,11.1566,3,1,4.5,85
10258957,10.4507,5,2,4.5,72
10322999,10.0907,5,2,5,45
10007964,10.035,1,2,4.5,72
10003667,9.9517,3,2,4.5,93
10009027,9.9482,3,2,4.5,80
10258662,9.9224,1,2,4.5,55
10258969,9.8408,1,1,4.5,45
10009396,9.6895,7,1,4.5,54
10011012,9.6397,3,2,4.5,71
10013121,9.0673,5,2,4,57
10297173,8.8323,3,1,4.5,66
10258978,8.7599,3,2,5,43
10260690,8.6083,1,2,4.5,32
10009660,8.6072,3,2,4.5,42
10033567,8.5675,5,2,4.5,23
10010498,8.313,3,1,4.5,43
10005044,8.1715,3,1,4.5,24
10291331,8.0621,3,1,4.5,35
10272276,7.9611,3,2,4.5,43
10028047,7.9056,3,2,4.5,23
10005452,7.8951,5,1,5,34
10241325,7.8648,7,1,4.5,40
10290537,7.8255,3,2,5,34
10258956,7.7944,1,2,4.5,36
10017247,7.7327,3,2,4,39
10017169,7.6667,3,2,4.5,49
10290655,7.4701,3,2,5,38
10235828,7.446,1,1,4,19
10015098,7.3678,1,1,4.5,39
10258997,7.3064,3,2,4.5,48
10347877,7.1496,3,1,5,11
10242131,7.1003,3,1,4.5,28
10259004,6.9133,3,,4.5,37
10279795,6.8021,3,1,4.5,24
10258673,6.7586,1,2,4,31
10014092,6.6898,3,2,4.5,32
10254744,6.5939,1,1,4.5,23
10258977,6.5779,1,2,4.5,19
10009579,6.5566,3,1,4.5,17
10319881,6.4841,3,2,5,22
10239622,6.4578,1,1,4,32
10356349,6.4104,3,2,4.5,20
10013918,6.4071,3,2,4.5,28
10006975,6.3892,3,2,4.5,30
10013411,6.2788,3,2,4.5,19
10001420,6.2711,5,2,4.5,18
10009813,6.1572,3,2,4.5,24
10342865,6.1487,1,1,4,34
10309573,6.0095,3,2,5,15
10347976,5.9984,3,2,4.5,25
10008569,5.9313,1,1,4.5,23
10352558,5.8526,3,2,4.5,12
10258966,5.6174,3,2,4.5,17
10030292,5.596,1,2,4,22
10276731,5.5853,3,1,4.5,17
10003725,5.5826,3,2,4,21
10000372,5.5627,1,3,4.5,7
10352247,5.4994,5,2,4.5,16
10282890,5.479,3,1,4.5,18
10028045,5.4559,3,2,4,25
10012463,5.4129,3,2,4.5,19
10012701,5.3721,1,2,4.5,28
10354104,5.2542,3,2,5,13
10235846,5.2499,3,1,4,17
10338973,5.1587,1,1,5,10
10009227,5.1543,3,2,4.5,20
10347950,5.1368,5,1,4.5,14
10016643,5.0743,7,1,4,13
10346860,5.0525,3,2,4.5,22
10357220,5.0349,3,2,5,16
10003185,4.9828,3,,4.5,16
10326985,4.7946,1,2,4.5,10
10015481,4.7113,3,2,4.5,13
10336808,4.6807,3,1,4.5,15
10312233,4.6747,3,1,4.5,16
10347623,4.6132,3,1,5,7
10301297,4.4857,1,3,4,8
10011904,4.4448,1,2,4.5,10
10258982,4.3433,5,1,4.5,6
10002084,4.2985,3,2,4,8
10357489,4.0902,1,1,4.5,11
10259002,4.0446,3,2,4.5,10
10258959,3.9956,3,2,4.5,12
10512851,3.9106,3,3,4.5,4
10376701,3.9081,3,1,4,12
10290536,3.8489,3,2,4,11
10344064,3.8198,3,1,4.5,7
10531584,3.7983,1,2,5,14
10004090,3.7313,3,2,4.5,8
10006506,3.6481,3,2,5,5
10009723,3.6409,1,,3.5,15
10258651,3.5823,1,1,3,15
10330013,3.4558,3,2,4.5,7
10033568,3.4236,1,2,4,9
10444304,3.3999,3,1,4.5,8
10477761,3.3997,1,1,4,11
10012522,3.38,1,2,4,6
10003798,3.3032,3,1,3.5,9
10006288,3.2909,3,2,5,4
10357245,3.2537,3,2,4.5,7
10258953,3.2173,3,2,3.5,9
10355503,3.2,1,2,4,13
10012262,3.172,1,2,3.5,3
10005747,3.1696,1,1,4,4
10539067,3.1044,3,2,4,14
10006592,2.9467,3,2,3.5,5
10338365,2.9065,5,2,4.5,5
10324476,2.8605,3,1,4,6
10526285,2.8596,5,1,4.5,7
10290169,2.8322,3,2,5,2
10340472,2.6625,3,1,4,4
10042693,2.5753,3,2,3,5
10477074,2.5426,3,2,5,5
10376686,2.2713,1,2,4.5,3
10263509,2.184,3,2,4,2
10376706,2.1022,1,1,4,6
10011991,2.0369,5,2,4,1
10419277,1.9554,1,1,4.5,3
10505598,1.905,3,2,4.5,3
10350967,1.8934,1,1,4,2
10001379,1.8617,3,2,4.5,2
10372065,1.8237,3,,5,1
10330014,1.7034,3,2,0,0
10531734,1.5525,1,2,4,1
10526284,1.5511,5,1,4.5,3
10477083,1.5443,3,2,5,2
10001291,1.4705,3,2,3,1
10008622,1.3611,5,2,0,0
10259006,1.2639,3,2,2,2
10259003,1.193,1,2,4,1
10376696,1.1592,1,1,5,1
10267407,0.4737,5,2,4,2
10236223,7.5075,5,2,4,24
10012657,1.6581,1,2,5,2
10006085,1.5845,3,,0,0
10003143,1.3234,3,,0,0
10269389,4.9529,3,1,4,20
10269392,3.6115,1,1,4,13
10032691,3.4639,3,2,4,7
10269394,3.2799,1,2,3.5,10
10021579,2.3172,1,2,3,5
10357581,2.2479,1,1,4,7
10233735,1.4132,1,1,5,1
10265487,6.1208,1,2,4,25
10030475,4.4919,1,1,4,17
10005697,49.8766,5,3,5,1198
10012848,49.4404,3,3,4.5,1465
10241534,41.1262,3,2,5,806
10000669,37.2892,3,3,4.5,647
10241253,35.4711,5,3,5,543
10027388,30.1548,1,3,4.5,471
10283805,26.6291,3,3,4.5,422
10012004,25.3781,3,3,4.5,260
10263769,23.0408,1,2,4.5,289
10410103,4.0602,1,,4.5,16
10038233,21.2781,5,2,5,128
10235887,21.0703,1,2,4.5,174
10271699,20.7991,5,2,5,178
10274946,19.4428,1,3,4.5,179
10035600,18.43,1,2,4.5,95
10003785,18.2585,7,2,5,111
10002912,18.2043,5,1,5,169
10036124,17.6772,1,2,5,130
10011534,17.1481,7,2,5,120
10031320,16.5227,5,1,5,126
10037163,16.2927,1,2,4.5,119
10038315,16.1935,3,3,4.5,187
10235884,16.1099,5,2,5,98
10027387,15.8052,3,2,4.5,95
10039723,15.4623,1,2,4.5,126
10038226,15.4183,5,3,4,220
10034098,14.6283,1,,4,115
10017589,14.0427,7,2,4.5,56
10376356,13.9011,5,2,5,123
10036121,13.8981,3,2,5,45
10235872,13.565,1,2,4,81
10240701,13.5272,3,2,5,62
10235859,13.5242,7,1,4.5,95
10032775,13.394,1,3,4.5,60
10376354,12.7234,5,2,5,60
10249485,12.4901,1,2,4.5,79
10294736,12.4184,1,3,4.5,102
10011771,12.2936,3,2,4.5,42
10006569,12.1633,7,1,4.5,56
10241211,12.082,1,1,4,91
10235892,11.8896,3,2,4.5,49
10041288,11.8022,1,2,4,9
10031310,11.5576,5,1,4.5,79
10235860,11.5097,5,2,4.5,64
10289090,11.3786,3,2,4,94
10254236,11.2731,3,2,4.5,46
10003887,11.2384,3,2,4.5,55
10013265,11.2089,3,2,4.5,53
10017113,10.5687,5,1,4.5,44
10009684,10.5346,3,2,4,63
10281176,9.91,3,1,4,76
10042208,9.863,1,2,3.5,39
10036122,9.7015,5,1,4.5,54
10039716,9.6859,1,2,4,38
10005563,9.6638,5,2,4,40
10013134,9.4907,3,3,4.5,35
10264124,9.2233,1,2,4.5,60
10031960,9.0339,7,,4.5,66
10031955,8.9914,7,2,5,27
10034097,8.7461,3,2,5,10
10235891,8.652,3,2,5,31
10301762,8.6084,7,2,4.5,17
10028603,8.3564,3,1,4.5,19
10264163,8.1285,1,2,4,27
10012097,8.0641,3,1,3.5,26
10287797,7.9668,5,1,5,7
10266414,7.5727,1,1,4,36
10235888,7.5497,7,1,5,24
10349003,7.4135,1,1,4,13
10033837,7.3229,3,2,4.5,16
10350237,7.2905,5,1,4.5,18
10011788,7.2318,5,1,5,7
10235906,7.1539,1,1,4,9
10016776,7.1358,7,1,4.5,20
10035609,7.0956,1,2,3.5,27
10263325,7.0945,5,1,5,8
10263342,7.0588,3,1,4.5,20
10290940,7.0155,3,2,4.5,38
10290937,6.8935,3,2,4,13
10042220,6.7833,3,1,4,20
10035603,6.5162,5,2,5,9
10007651,6.5114,3,1,4.5,6
10235901,6.4775,3,1,5,5
10039709,6.3709,1,1,4,8
10013890,6.3595,5,2,4.5,24
10291009,6.3241,3,2,4.5,13
10026859,6.3082,1,1,4.5,24
10235900,6.2224,3,2,5,2
10036123,6.1653,1,1,3.5,23
10011486,6.1447,7,1,5,8
10018445,6.1081,3,2,4,18
10290181,6.09,3,2,4,22
10033012,5.977,3,,5,8
10035599,5.9549,3,2,3.5,39
10037155,5.862,5,1,4,8
10381279,5.8573,5,3,5,17
10235909,5.7762,1,2,4,11
10290935,5.6957,3,2,4.5,16
10030543,5.636,3,1,5,17
10005155,5.5122,3,,4.5,9
10031962,5.27,5,1,4.5,7
10271983,5.2134,5,2,4.5,8
10326273,5.0998,5,1,5,12
10004411,5.0492,1,1,3.5,20
10263320,4.9898,3,1,3.5,7
10027448,4.9528,3,1,4.5,7
10005020,4.9233,3,1,4.5,7
10259215,4.8817,5,1,5,12
10001949,4.8672,3,1,4.5,6
10038232,4.7952,3,2,4.5,2
10376353,4.7277,5,2,4.5,11
10263321,4.6394,3,2,3.5,13
10271984,4.6191,5,2,4.5,3
10273117,4.386,3,,5,3
10290936,4.2609,3,2,4,8
10029725,4.1636,3,2,4.5,9
10333798,4.1236,3,2,5,3
10000491,3.9817,5,1,4.5,7
10317068,3.8896,5,2,4,2
10377845,3.7842,1,1,4,17
10318861,3.7171,7,2,4.5,3
10376344,3.6588,5,2,4.5,3
10037153,3.5294,7,2,4.5,3
10287969,3.4916,3,1,4,10
10334016,3.4537,1,2,4.5,3
10263336,3.3255,5,1,3.5,2
10366671,3.2589,3,2,4.5,6
10270721,3.2581,5,2,5,4
10490351,3.2501,3,1,5,6
10376345,3.1693,3,2,4.5,3
10031948,3.1057,1,2,2,2
10270943,2.9615,5,2,0,0
10259216,2.7854,5,1,5,1
10381285,2.7471,1,2,3.5,4
10035416,2.7171,1,1,4,3
10263333,2.6954,5,1,5,2
10005605,2.5289,5,1,4,1
10418476,2.479,5,2,3,2
10005832,2.3963,3,,2.5,2
10263339,2.3449,3,1,5,1
10258674,2.2053,1,2,4,2
10001820,2.1546,3,2,3,1
10290934,2.0701,3,2,5,1
10004766,1.9912,3,1,0,0
10271947,1.9221,3,2,3.5,3
10342981,1.8898,3,2,5,1
10004778,1.8525,7,1,4,1
10271950,1.2708,5,2,0,0
10271949,1.2146,3,2,0,0
10483794,1.023,3,,4,2
10294628,0.7684,5,1,4,4
10478760,0.7673,5,1,0,0
10236212,15.7517,5,3,5,135
10006002,14.6046,3,2,4.5,125
10026784,12.5884,1,2,4.5,83
10261421,10.5062,1,2,4.5,46
10032993,9.042,1,3,4.5,42
10309295,7.5185,3,2,4.5,37
10258133,7.1156,1,2,4.5,20
10236215,6.9354,5,1,4.5,17
10309294,6.4345,3,2,5,11
10313540,6.0987,5,2,4.5,19
10024320,5.9666,3,1,4,11
10309296,5.9253,5,2,5,13
10309297,5.7708,3,2,4.5,9
10028528,5.7524,5,1,4,27
10270278,5.2404,1,2,4,9
10236198,4.5588,1,1,4.5,9
10027382,4.3778,3,1,4,18
10026785,3.7984,1,1,4,10
10111533,3.6251,1,1,3.5,6
10313538,3.4292,5,2,4.5,7
10313543,3.197,5,1,4.5,6
10307901,2.9884,3,1,4,9
10313599,2.7745,3,2,4.5,4
10402715,1.6462,3,1,5,2
10313536,1.3832,5,2,4,1
10032668,15.1743,1,4,5,144
10020405,5.587,3,2,4,7
10037870,4.739,1,2,4,19
10236113,3.9303,1,1,3.5,6
10034813,3.841,3,1,4,5
10263365,3.3437,3,1,5,2
10324970,3.0576,3,2,4,5
10269986,2.9628,1,2,2.5,9
10033597,38.1531,1,3,4.5,943
10239649,24.5038,3,3,4.5,329
10026405,23.0524,1,3,4.5,263
10240984,20.3219,1,2,4.5,216
10233969,14.6466,1,2,4,119
10042720,14.5676,3,2,4.5,146
10029227,14.3566,1,2,4,147
10281044,14.0884,1,2,4.5,114
10032536,13.1938,1,1,4.5,91
10034655,12.7922,3,1,4.5,57
10028063,12.5652,5,1,4.5,60
10026408,12.4711,5,2,4.5,89
10032538,12.0876,5,3,4.5,52
10302565,12.0261,3,2,4.5,96
10030322,11.5778,5,2,4.5,100
10111323,11.2281,7,,4.5,39
10037754,10.1972,5,2,4.5,29
10030852,9.7833,7,1,4.5,40
10033602,9.492,3,2,4,60
10111483,9.4394,7,2,4.5,18
10111306,9.2298,5,2,4.5,45
10028071,9.0749,5,2,4,37
10239506,8.9319,3,2,4.5,49
10258452,8.4625,5,2,5,20
10030314,8.2451,3,2,4,31
10313370,8.0032,5,2,5,17
10240347,7.9899,3,2,4,24
10036690,7.8576,5,1,4.5,10
10268015,7.3388,1,2,4,24
10257709,7.3191,3,1,4,31
10037743,7.1128,3,1,4.5,18
10111166,7.0897,5,1,4.5,6
10111674,7.0721,5,2,4.5,16
10033598,7.029,3,2,4,19
10247003,7.0147,7,2,4.5,19
10111988,6.9996,3,1,4,15
10034661,6.8189,5,1,4.5,16
10287515,6.6906,5,2,5,15
10258640,6.5462,1,,4,24
10029231,6.5239,3,2,4,14
10350178,6.2416,3,2,5,13
10029206,6.1803,5,2,4,21
10015682,6.1063,3,2,4.5,30
10258639,6.0922,1,2,4,20
10259218,6.0183,3,1,4,22
10253737,5.9183,1,3,4.5,13
10398300,5.9052,5,2,4.5,28
10264326,5.6407,7,2,4,18
10291425,5.5558,3,2,4.5,15
10111184,5.5398,3,1,4.5,4
10235708,5.4242,3,1,4,16
10302284,5.3361,7,2,4.5,12
10111285,5.2853,7,2,4,10
10293654,5.1917,7,2,5,4
10389405,5.154,3,2,4.5,11
10259333,5.0968,3,2,4.5,15
10013980,5.0087,3,1,3.5,10
10308036,4.9242,3,2,4,9
10008848,4.9204,5,2,4.5,7
10442841,4.8497,5,2,4.5,8
10259317,4.8132,5,2,5,4
10252302,4.7442,1,1,3,6
10290132,4.709,7,2,4,9
10259316,4.7083,7,1,4,4
10308037,4.6395,5,2,4.5,10
10258631,4.5925,1,2,4.5,6
10314100,4.5202,5,1,4.5,12
10010509,4.3014,3,2,3.5,9
10365352,4.2459,3,,4,17
10308922,4.2011,5,,4.5,3
10236045,10.2914,1,,4,79
10391389,4.0918,3,2,4.5,15
10263496,3.9957,5,2,4,7
10030317,3.9424,5,1,4.5,2
10256461,3.9102,3,1,4,5
10011814,3.7796,7,1,3.5,13
10325962,3.7076,5,2,5,4
10235682,3.6714,3,2,4,6
10011235,3.6124,5,2,4.5,4
10341786,3.4659,5,2,4.5,7
10021453,3.3311,3,1,4,1
10259300,3.3219,1,1,3.5,3
10259322,3.2353,7,3,5,2
10300214,3.1444,3,,4.5,2
10457006,3.1333,5,1,4.5,6
10327184,3.1276,3,1,4,7
10386497,3.0101,5,2,4.5,4
10259298,2.8908,7,1,0,0
10013141,2.7791,5,1,4.5,2
10036694,2.7507,5,1,3,2
10236356,2.6568,3,,4.5,2
10431929,2.6437,7,1,4.5,4
10264443,2.6228,5,2,4.5,2
10423168,2.5598,5,2,4.5,4
10235686,2.5406,5,2,2,1
10111208,2.5175,7,1,4,1
10235664,2.4883,5,2,4,2
10527458,2.4706,1,1,4.5,4
10349433,2.4589,5,1,3,2
10327185,2.4358,3,1,4.5,2
10263693,2.4253,5,2,0,0
10468692,2.2809,5,2,4.5,4
10476068,2.2748,7,1,4,6
10294045,2.1685,5,2,0,0
10404669,2.139,3,,4.5,3
10369466,2.0448,3,,5,1
10539892,2.0029,5,1,5,2
10333818,1.9921,3,1,3.5,3
10235667,1.9663,5,2,0,0
10400232,1.9457,5,1,3.5,2
10332652,1.7236,5,1,4,5
10422498,1.6149,5,1,4.5,2
10352958,1.6121,3,,4,2
10315779,1.5322,5,2,5,1
10315058,1.4293,5,2,4,1
10375085,1.4108,5,2,4.5,2
10486155,1.3818,5,2,5,1
10427729,1.1594,3,2,0,0
10503675,1.0623,3,2,0,0
10236044,10.4755,1,,4.5,90
10263868,10.4163,3,1,4.5,87
10235012,9.4025,3,2,4,74
10235004,8.3048,5,1,4.5,36
10236047,7.0853,3,1,4.5,37
10269387,6.9093,3,2,4.5,40
10236042,6.7009,3,1,4,27
10236043,6.2267,1,1,4,36
10236055,6.1709,5,1,4.5,30
10236046,6.03,3,,4.5,32
10329957,5.7374,1,1,4.5,26
10292724,5.5844,5,1,4.5,13
10269386,5.2518,1,1,4,20
10443456,4.57,3,1,4,21
10291297,3.6341,3,1,4.5,8
10291317,3.4092,3,2,5,5
10239359,3.2721,5,1,3.5,3
10347969,2.9931,1,2,4.5,3
10291315,2.8646,3,2,3,8
10291314,2.8597,3,2,4,4
10291316,2.6486,3,2,4.5,2
10236048,2.2356,3,,3,4
10032574,29.5094,3,3,4.5,709
10235835,26.9381,3,3,4.5,542
10035195,21.6423,3,3,4.5,300
10238254,21.3001,3,2,4,328
10039328,18.232,3,2,4.5,282
10034704,17.5775,3,2,4.5,301
10245164,15.0255,3,3,4.5,158
10272971,13.1825,3,3,4.5,150
10234182,12.9316,3,2,4.5,166
10257890,12.7516,1,3,4.5,97
10266197,12.2555,3,1,4.5,105
10264336,10.8471,3,2,4.5,75
10000147,10.5799,3,3,4,134
10243139,10.4444,1,3,4,101
10235836,9.7454,1,2,4,76
10019479,9.3625,3,3,4,50
10235844,8.8946,1,1,4,56
10344553,8.8828,3,3,4.5,59
10306982,8.8518,3,3,4,52
10310616,8.6923,3,2,4.5,62
10235841,8.6766,1,2,3.5,87
10276110,8.3952,3,2,4.5,51
10344781,7.7597,1,3,4.5,47
10295028,7.2889,3,3,4.5,52
10300429,7.2361,1,2,4.5,48
10305108,6.9514,3,3,4.5,29
10295083,6.7458,3,2,4,47
10240928,6.6676,1,3,4.5,39
10276946,6.4203,3,2,4,43
10344771,6.2907,1,3,4.5,36
10036809,18.3365,3,3,4.5,212
10344762,6.0376,1,2,4.5,31
10344879,5.9747,3,2,4.5,23
10355894,5.7656,1,2,4.5,41
10270881,5.366,3,2,5,30
10346689,5.0011,3,2,4.5,18
10320598,4.9476,3,2,4,20
10342415,4.6843,3,3,4,18
10344779,4.3587,3,2,4,20
10012275,4.2816,1,3,4,16
10348791,4.0185,1,1,4.5,8
10294673,3.7847,1,1,4.5,4
10344875,3.4967,3,2,3.5,13
10235837,3.3742,1,2,3.5,16
10406483,3.3294,3,2,4,12
10406135,3.1232,3,2,3.5,7
10270879,2.7882,1,2,4.5,3
10324329,2.7309,1,2,3,10
10376904,2.16,1,2,3.5,8
10307663,1.8534,3,2,4,41
10235829,1.401,3,2,3.5,41
10000482,30.6183,3,4,4.5,416
10034294,27.0323,3,2,4.5,421
10038157,24.347,3,2,4.5,244
10000879,23.6165,3,2,4.5,293
10006702,18.1556,1,1,4.5,120
10040859,14.4833,3,2,4.5,135
10249415,17.582,1,2,4,142
10031540,16.982,3,2,4.5,71
10016688,13.9272,1,1,4.5,98
10249416,11.6493,1,2,4,87
10033225,11.4577,3,3,4.5,33
10260669,11.2518,1,3,4.5,40
10013161,8.8741,1,,4,23
10007903,8.1223,3,2,4.5,30
10015976,7.5299,3,,4,40
10012733,7.0665,1,1,4,24
10008619,7.0416,3,,4,12
10236072,6.9474,3,1,4,6
10309323,5.7241,5,2,4.5,8
10236071,4.5346,1,1,3,19
10311520,4.4797,3,1,4,5
10339650,4.3161,3,1,4.5,15
10384539,2.2205,3,2,2,1
10023320,13.1392,1,3,4,152
10007467,9.6749,1,2,4,75
10236209,7.9083,1,2,4,32
10236213,6.6411,1,2,4,32
10111657,5.9352,1,2,3.5,22
10236207,5.1899,1,1,3.5,23
10269694,3.3083,1,2,3.5,3
10451634,1.6077,3,1,5,2
10235471,24.4547,3,2,4.5,419
10236013,18.9391,3,2,4.5,232
10263286,11.4767,1,3,4,127
10037874,10.903,1,2,4,113
10039409,10.1655,1,2,3.5,89
10026500,9.5257,3,1,4.5,74
10018051,7.6514,1,,4,31
10028191,7.1351,3,2,4,43
10036805,6.4452,1,,4,33
10033733,4.9569,3,2,4.5,11
10037873,4.8794,3,,4,12
10448920,4.8456,5,,4,14
10312492,4.4925,3,1,4.5,11
10354442,4.4132,3,1,4.5,8
10028190,3.4866,1,1,3.5,5
10333773,3.3086,1,2,4,15
10236061,3.1247,5,,4.5,4
10042715,61.3755,5,4,5,2122
10234019,49.5063,5,4,4.5,1347
10000685,45.0827,3,3,4.5,1107
10002171,44.5689,3,3,4.5,1109
10243771,39.9339,1,3,4,1316
10233267,38.2789,3,3,4.5,965
10111322,36.7769,3,3,4.5,642
10002866,31.48,5,3,4.5,570
10259284,30.6655,3,3,5,447
10259229,25.1986,3,2,4.5,389
10111932,23.711,3,3,4.5,327
10026407,23.5591,5,3,4.5,295
10040734,22.4946,1,2,4,337
10012354,21.5393,3,4,4,268
10264089,21.3524,3,3,4.5,225
10030861,21.0535,3,4,4.5,269
10040730,19.5981,3,3,4.5,156
10259853,18.8978,1,3,4.5,259
10036684,18.4218,7,2,4.5,111
10305945,17.8727,1,3,4,260
10015520,17.7156,3,2,4.5,227
10234282,17.6183,5,3,4.5,175
10259336,16.5249,3,1,4.5,159
10111797,16.3274,5,2,4.5,81
10250846,15.6132,5,1,4.5,113
10241040,15.5589,3,2,4.5,140
10111984,15.4833,5,2,4.5,92
10033590,15.1321,3,2,4.5,86
10235587,14.9923,3,2,4.5,119
10111542,14.7105,7,3,4.5,125
10029217,14.7018,1,2,4.5,111
10235562,13.8054,3,,4.5,116
10262146,13.8012,3,3,4.5,83
10032533,13.7139,1,2,4.5,92
10351769,13.7108,5,3,5,61
10253465,13.1739,1,1,4,98
10235564,13.1228,3,2,4.5,100
10111449,13.0451,1,3,4,108
10274659,12.9862,3,2,4.5,87
10042717,12.9028,5,2,4.5,86
10008524,12.7154,3,1,4,113
10040735,12.5191,1,2,4,97
10033605,12.4295,3,1,4,124
10258642,12.2624,1,2,4.5,91
10098025,11.8531,5,1,4.5,39
10037737,11.8255,1,1,4,65
10033596,11.7452,3,2,4,41
10318501,11.604,1,2,4.5,63
10255292,11.4707,3,1,4,90
10260022,11.3973,1,,4.5,87
10278112,11.2974,7,2,4.5,70
10265630,11.2773,5,3,4.5,60
10033607,11.186,5,2,4.5,40
10235691,10.6726,3,2,4,82
10280663,10.6605,3,1,4.5,75
10111624,10.6371,3,2,4,68
10010713,10.1108,5,2,4.5,38
10242506,10.0742,3,2,4.5,40
10266181,9.886,1,2,4.5,68
10292939,9.84,5,1,5,33
10111792,9.4908,5,1,4.5,39
10111329,9.1408,3,1,4,64
10279123,9.0862,5,3,4,31
10284971,8.9789,3,2,4.5,32
10042714,8.8013,3,2,4,52
10260510,8.7671,3,,4.5,22
10258633,8.6952,1,2,4,50
10270730,8.6346,5,1,4.5,20
10235575,8.6205,5,2,4.5,44
10039311,8.5794,5,1,4.5,35
10245065,8.5405,1,3,4,53
10353236,8.2347,5,2,4.5,41
10276323,8.2339,1,1,4,40
10235696,8.2144,5,2,4,47
10235671,8.081,1,2,4,34
10038786,7.9799,5,2,4,34
10306112,7.9205,3,1,4.5,27
10234202,7.8314,3,2,4,22
10294985,7.8171,1,1,4,35
10012885,7.6716,5,2,4.5,30
10340048,4.1033,5,1,4,14
10011050,7.6537,3,2,4,35
10008136,7.612,3,1,4.5,10
10235590,7.41,3,1,4,39
10111543,7.3672,5,2,4.5,14
10028074,7.2537,1,2,4.5,30
10111867,7.0751,3,1,3.5,12
10244630,7.0488,5,1,4,17
10030871,6.9591,7,1,3.5,13
10030854,6.9441,1,2,4,25
10033603,6.7327,3,1,4,25
10235689,6.648,3,2,4,29
10030856,6.6385,3,1,4,36
10242204,6.5052,1,1,3.5,19
10349553,6.4908,1,1,4.5,33
10299002,6.0457,5,1,4.5,18
10235566,6.0372,5,1,4,18
10112071,5.9696,5,2,4,22
10111114,5.9314,3,1,4,11
10259293,5.8673,7,2,5,6
10235663,5.8096,3,2,4,18
10235661,5.7249,5,2,4,22
10259290,5.6921,7,2,5,10
10293410,5.6746,3,2,4,11
10253852,5.6601,1,2,4,7
10270198,5.6052,3,2,4.5,15
10270658,5.4625,5,2,4.5,9
10235153,5.378,3,,4,18
10002998,5.316,3,2,3.5,13
10111793,5.3092,5,1,4,6
10111113,5.3009,3,2,4.5,7
10318533,5.1332,1,2,4.5,8
10111112,5.1292,3,2,4,4
10111498,5.1232,3,1,4,11
10111685,5.1085,3,2,4,8
10037739,5.0638,5,2,4,13
10235579,5.0076,5,2,4,16
10030321,4.8168,1,2,4,18
10269553,4.7843,3,2,4.5,14
10005838,4.7673,3,1,4.5,7
10038790,4.6715,3,2,4,11
10434946,4.6261,1,2,4,13
10405760,4.5745,1,1,4.5,12
10040718,4.2868,3,1,3.5,7
10317135,4.2724,3,2,4,9
10266258,4.2384,3,1,4.5,9
10245187,4.1623,1,2,3.5,11
10396656,4.16,3,1,4.5,11
10339384,4.0378,3,1,4,7
10253863,3.9229,3,1,4,7
10028060,3.8995,5,2,3.5,9
10235670,3.8034,3,2,3.5,12
10391724,3.7673,3,1,4,15
10111520,3.766,3,,3,13
10362040,3.748,5,2,5,8
10343693,3.5946,5,2,4.5,6
10297639,3.4612,3,2,5,3
10302968,3.4342,3,1,4.5,7
10249047,3.3824,3,2,3.5,3
10425261,3.3694,3,2,4.5,11
10427717,3.3184,5,,4.5,7
10397577,3.2703,3,1,4.5,7
10338529,3.224,3,1,3.5,3
10383584,3.1884,3,2,3.5,10
10111163,3.1749,3,1,4,2
10321830,3.0831,5,2,4,6
10483779,3.0479,3,,4.5,9
10294869,2.9414,3,2,4.5,2
10361662,2.843,3,3,4.5,4
10363878,2.8309,5,2,5,4
10259232,2.681,5,1,0,0
10368591,2.6335,5,2,4.5,4
10030975,7.2335,3,2,4.5,9
10346542,2.5765,3,3,5,2
10353016,2.5037,5,,5,2
10235598,2.4985,5,2,3.5,6
10297048,2.4346,5,1,5,1
10265023,2.4052,5,,0,0
10304636,2.4026,5,1,3.5,4
10317681,2.3422,3,2,4,2
10297763,2.3017,5,1,5,1
10389245,2.2862,5,2,4,1
10406148,2.2726,5,1,4,4
10389243,2.2213,5,2,4,2
10321953,2.1976,5,1,4.5,3
10017119,2.1837,3,1,3,4
10419908,2.1692,5,1,5,2
10307201,1.8614,5,2,5,1
10411473,1.7446,5,2,4,1
10478750,1.6799,3,,5,1
10483088,1.4767,5,1,4,1
10485694,1.4389,3,,5,2
10365517,1.4008,1,1,3,2
10518971,1.375,3,,4,1
10245723,1.354,5,2,2.5,4
10028187,31.1233,5,3,5,733
10004933,28.6477,3,3,5,395
10011441,23.8607,5,2,5,247
10009732,22.8387,3,2,4.5,314
10007106,21.7947,5,2,5,241
10015561,21.6142,1,3,4.5,289
10033727,17.7522,3,2,4.5,233
10014200,17.2586,1,3,4.5,180
10015800,12.5697,3,1,4,98
10000013,11.5435,3,2,4.5,64
10034817,11.4023,3,,4.5,54
10009005,11.266,5,1,4.5,40
10245047,11.1349,1,2,4,51
10034810,10.8965,1,2,4.5,90
10003528,10.6258,5,2,4.5,36
10002136,10.0955,1,3,4,51
10236135,10.086,3,1,4.5,41
10015144,9.8725,3,3,4,49
10008045,9.8372,1,2,4.5,38
10305572,9.4865,3,1,4.5,45
10040855,9.2686,1,2,4.5,38
10041896,8.7369,5,1,5,29
10012532,8.419,1,2,4,49
10007771,8.1422,1,1,4,33
10002763,7.8059,3,1,4.5,22
10236130,7.723,5,1,4.5,24
10244276,7.5887,3,1,4.5,22
10000246,7.3866,1,1,4,28
10015333,7.3359,3,1,4,30
10236199,7.2624,3,2,4.5,28
10307702,7.2047,5,2,4.5,17
10004554,7.1718,1,2,4,37
10273038,7.1058,7,1,4.5,11
10300842,7.0473,3,3,4.5,13
10041901,6.9448,3,2,4.5,18
10000998,6.9119,7,1,4.5,20
10033736,6.7911,3,1,4.5,24
10039408,6.6533,3,2,4,11
10023360,6.3474,5,1,4,20
10036801,6.3318,3,2,5,13
10012661,6.0612,3,1,3.5,28
10033734,6.0299,1,1,3.5,37
10021131,5.6845,7,1,4,11
10035295,5.6182,1,1,4,14
10012434,5.5159,7,1,4.5,7
10001611,5.3662,7,1,4.5,15
10365515,5.2865,1,1,4.5,12
10033735,5.2553,1,2,4,16
10272324,5.2533,5,1,4.5,13
10030435,5.2229,1,1,3.5,30
10042844,5.2172,3,1,4,14
10254743,5.1985,1,1,4,23
10020415,4.953,3,1,4,10
10256929,4.9113,1,1,3.5,11
10303895,4.8756,1,2,4,20
10004613,4.83,1,1,4,14
10007733,4.7965,5,2,4,6
10015733,19.3275,3,2,4.5,133
10030441,4.7528,1,1,4.5,10
10035296,4.6914,5,1,4,9
10012743,4.5351,3,1,4.5,5
10305566,4.4824,1,1,4.5,11
10271763,4.4373,5,2,4,6
10254719,4.3986,1,2,4,9
10008676,4.2245,1,1,4,9
10442528,4.1763,7,3,5,5
10025117,4.1264,3,1,4,4
10012793,3.9706,3,2,3.5,10
10271334,3.9617,5,2,4.5,4
10244279,3.9061,1,1,3.5,6
10251074,3.8202,1,1,3.5,7
10236196,3.7962,1,2,3,12
10004310,3.7941,1,2,3.5,8
10015206,3.5822,5,1,4,6
10257255,3.5574,1,2,3.5,6
10271336,3.4552,5,2,5,4
10254723,3.1963,1,2,3,7
10321161,2.9974,3,1,3.5,2
10254742,2.8952,1,,2.5,8
10293517,2.7954,3,,5,2
10004318,2.6038,5,2,4,3
10264047,2.6001,5,1,4,1
10026196,2.5164,3,2,4,2
10014643,2.4946,5,1,4,1
10256928,2.4616,1,1,3,2
10254655,2.3465,1,1,3,1
10254656,2.1046,1,1,3,1
10264044,2.0814,3,1,4,1
10305567,2.0107,3,2,4.5,2
10305574,1.8585,5,1,0,0
10271501,1.5279,5,1,5,1
10395082,1.2965,1,1,0,0
10305569,1.1237,3,1,0,0
10485038,0.3724,5,1,0,0
10006571,84.6229,5,4,5,3903
10012464,63.6748,3,3,5,2332
10027395,62.5499,1,4,4.5,1877
10259625,52.0201,3,4,5,1097
10014357,44.8887,3,3,4.5,984
10031103,44.0494,5,3,5,1067
10018951,38.4225,3,3,5,830
10012660,37.4735,3,3,4.5,941
10001445,36.8536,1,4,4.5,546
10032796,36.2363,1,3,4.5,725
10235918,35.875,3,3,5,617
10040223,35.6908,5,3,5,432
10112225,34.0526,1,3,4,740
10264003,33.9931,5,3,5,620
10218246,33.2792,1,3,4,814
10011474,33.0107,1,3,4,605
10009973,32.0861,3,3,4.5,451
10011354,30.0717,3,3,4.5,290
10004146,30.0493,3,3,4.5,597
10028290,29.9949,3,3,5,445
10041100,29.8149,1,3,4.5,465
10241402,29.3311,1,3,4.5,398
10112189,28.5314,1,2,4.5,381
10281016,26.9909,3,3,5,261
10303153,26.1533,1,2,4.5,288
10033026,25.5268,1,3,4,532
10015413,24.6497,3,3,4.5,290
10383798,23.8606,1,3,4.5,342
10008493,23.2085,1,3,4,280
10040224,23.0755,1,2,5,131
10035418,23.0467,3,2,5,193
10034934,22.7364,1,3,4.5,279
10031102,22.4857,1,3,4.5,259
10007994,22.3872,1,3,4.5,264
10003094,22.3807,3,3,4.5,338
10262194,22.0767,3,2,4.5,174
10266145,21.8918,3,2,5,221
10235759,21.6195,1,3,4,295
10235914,21.2201,1,2,4.5,199
10259638,20.8472,1,3,4.5,162
10281458,20.4828,3,2,5,130
10262612,20.3426,3,2,4.5,152
10272802,20.285,3,3,4.5,189
10260940,19.9568,3,2,4.5,148
10253567,14.0916,3,2,4.5,42
10009807,19.1696,3,2,4,211
10018277,19.0942,3,3,4.5,196
10029724,19.0682,1,3,4.5,156
10036947,18.2703,3,1,4.5,115
10035614,18.2426,5,2,4.5,99
10272270,18.0909,7,3,5,115
10032805,18.0873,3,2,4.5,111
10014115,17.1986,1,3,4.5,117
10258756,16.5347,1,2,4.5,72
10280629,16.4004,3,3,4.5,97
10015395,16.3645,1,3,3.5,209
10002838,16.2146,1,3,3.5,198
10015354,16.1923,1,3,4,204
10257739,16.1415,1,2,4.5,155
10017215,16.1326,3,2,4.5,142
10279503,15.9909,1,3,4.5,131
10039040,15.924,7,2,4.5,132
10001249,15.5947,1,2,4.5,108
10005116,15.4121,3,3,4,160
10261782,15.3572,5,2,4.5,88
10262484,14.7831,3,2,4.5,103
10249631,14.724,3,2,4.5,86
10244583,14.3124,1,2,4.5,52
10016590,14.278,5,2,4.5,109
10009801,14.277,3,3,4,98
10246198,14.2721,3,2,4,180
10258757,14.2205,1,,4.5,33
10018284,14.1402,3,1,4.5,81
10305424,14.0738,1,2,4.5,41
10243271,13.7193,1,3,3.5,98
10030553,13.5393,5,2,5,42
10112065,13.4435,1,3,4,111
10031088,12.887,3,2,4.5,43
10111523,12.8151,1,3,4.5,67
10111297,12.7959,3,3,4,69
10004218,12.4431,3,2,4,13
10029720,12.4287,1,2,4.5,66
10277327,12.4088,3,2,5,82
10257969,12.2618,1,2,4,35
10287979,12.1508,1,2,4.5,73
10008209,12.1491,3,3,4.5,76
10304866,12.0368,3,2,4.5,67
10015026,11.8683,1,2,4,87
10289532,11.8567,3,1,4.5,34
10030551,11.8251,5,2,4.5,54
10016493,11.4953,3,2,4.5,23
10039545,11.4666,5,2,4.5,59
10036942,11.4216,1,3,4,82
10305452,11.2818,3,3,4.5,27
10008585,11.2533,5,3,4.5,55
10029677,11.1935,3,2,4.5,22
10034116,11.1898,5,2,4.5,46
10258758,10.9605,3,2,4.5,14
10018932,10.9399,1,1,4.5,48
10041089,10.8775,5,1,4.5,37
10272705,10.8312,1,2,4.5,40
10008223,10.7516,3,2,4,63
10268181,10.6931,3,2,4.5,63
10036138,10.6756,5,2,4,48
10303786,10.6675,1,1,4.5,45
10018516,10.6276,3,2,4.5,36
10268988,10.5991,1,2,4,61
10003503,10.4904,3,1,4.5,41
10280405,10.4475,1,2,4,105
10253568,10.3803,1,2,4.5,34
10032799,10.2444,3,3,4,78
10035613,10.1887,3,2,4,60
10243229,10.1262,3,1,4.5,21
10006672,10.1099,3,2,4.5,54
10329449,9.7431,5,2,5,49
10300060,9.7145,5,2,4.5,24
10018978,9.6087,3,1,4.5,41
10026592,9.5088,3,2,4.5,28
10288160,9.5029,1,2,4,60
10123238,9.4445,5,3,5,1025
10260738,9.2408,5,2,4.5,9
10265216,9.1917,5,1,4.5,29
10002105,9.1786,3,2,5,7
10270720,9.1337,5,2,4.5,27
10272593,9.1097,3,2,4.5,46
10033075,8.9901,3,1,4.5,32
10035421,8.9843,3,2,4.5,33
10304533,8.9737,1,3,4.5,38
10001769,8.9087,5,2,4.5,44
10305478,8.7535,1,2,4,26
10305480,8.7201,1,2,4,35
10413986,8.7137,5,2,5,27
10013317,8.6894,3,1,4,36
10013155,8.6557,3,1,4,34
10028284,8.6289,5,2,4.5,23
10292667,8.5646,1,2,4.5,40
10026857,8.4665,3,3,4.5,26
10259036,8.413,1,1,4.5,62
10275138,8.3903,3,2,4.5,29
10261604,8.3772,5,2,4.5,18
10270484,8.2731,1,1,4,32
10031321,8.2248,1,2,4.5,23
10328836,8.0248,1,1,4.5,14
10261174,8.0225,5,2,4.5,9
10263990,7.9553,3,1,4.5,34
10303792,7.9514,5,1,4.5,33
10013685,7.9061,3,2,4.5,24
10012409,7.8973,3,2,4.5,29
10007970,7.891,3,1,4.5,7
10264657,7.8588,3,2,4.5,30
10258769,7.7842,3,,5,6
10017300,7.524,3,2,4.5,21
10397959,7.5137,3,1,4,26
10039726,7.3766,3,2,4,30
10268485,7.2041,1,2,4.5,11
10265473,7.1861,1,1,3.5,12
10262613,7.1502,5,2,4.5,7
10354878,7.036,1,2,4.5,17
10035412,6.9969,3,2,4.5,8
10007400,6.9871,1,3,3.5,46
10264088,6.9856,1,2,4.5,14
10260987,6.9563,3,2,4.5,15
10265863,6.9324,3,1,4.5,12
10030559,6.9018,3,1,4,14
10299978,6.8605,3,2,4,14
10007498,6.816,3,2,4.5,19
10006317,6.7404,3,2,5,10
10261423,6.7232,5,2,4.5,13
10305479,6.7184,1,1,4,25
10034105,6.7073,1,,4,6
10304056,6.6768,1,2,4,15
10026593,6.6561,3,2,4.5,12
10004643,6.4506,1,3,3.5,35
10316934,6.4101,3,2,4.5,28
10036128,6.3929,3,1,4,18
10011545,6.3735,3,2,3.5,7
10253309,6.2322,1,1,3,30
10029726,6.1544,1,1,4,6
10331219,6.0378,3,2,5,10
10112108,5.9828,1,1,4.5,7
10040222,5.963,3,1,4.5,11
10235777,5.941,3,,3.5,11
10031965,5.9233,1,1,4.5,14
10033856,5.9097,3,2,4.5,24
10287876,5.8905,7,1,4,13
10024698,5.8703,1,2,4.5,18
10029430,5.7608,1,,4.5,8
10333504,5.6874,1,2,4.5,10
10029438,5.6727,3,1,4.5,5
10324290,5.5912,3,1,5,10
10011085,5.5573,5,2,4,9
10003346,5.4975,5,2,4.5,9
10265869,5.4965,5,2,4.5,5
10029441,5.4766,5,2,4.5,14
10261698,5.4141,3,2,4,7
10244538,5.3862,3,1,4,20
10033014,5.3643,5,1,4,22
10003816,5.3212,5,1,4,18
10287532,5.2697,5,1,5,6
10262126,5.1855,5,2,4.5,7
10331951,5.1769,1,2,4.5,7
10004368,5.1203,1,2,3.5,13
10303698,5.1088,5,1,5,7
10261256,5.0928,5,2,4.5,6
10029426,5.0739,1,1,4.5,8
10235772,5.0571,3,2,3.5,8
10303716,5.0541,7,2,5,6
10404688,5.027,1,1,4,11
10029721,5.0136,3,2,4,6
10263623,5.006,3,2,4,12
10262165,5.0026,5,2,4.5,7
10264660,4.997,5,2,4.5,9
10325914,4.9938,3,1,4,5
10296979,4.889,5,2,4.5,5
10028295,4.8791,1,2,4,10
10266351,4.8618,3,2,4.5,10
10286315,4.8402,3,2,4.5,8
10272838,4.8243,3,2,5,4
10036938,4.7908,3,1,4.5,3
10033846,4.7689,5,2,5,2
10293338,4.7314,5,2,4.5,9
10265866,4.5358,1,2,4.5,8
10351847,4.4465,1,2,4,8
10303785,4.4216,5,1,4.5,8
10272782,4.4214,3,2,4,5
10004079,4.4141,1,1,4,5
10262000,4.4125,5,2,5,4
10242389,4.4098,5,3,4.5,9
10235762,4.3964,3,2,3.5,3
10265867,4.3554,3,2,5,4
10303812,4.3317,3,1,4.5,5
10266388,4.3151,3,2,4,5
10030561,4.308,3,2,3.5,7
10262020,4.2857,5,2,4.5,4
10033858,4.2298,1,,3.5,12
10316433,4.1921,3,2,4.5,3
10018271,4.0094,1,1,4,2
10261218,3.9444,5,2,4,4
10325912,3.9418,3,1,3,1
10303790,3.7736,3,1,4.5,3
10266530,3.7646,7,1,5,2
10042034,3.7369,5,1,4.5,4
10265860,3.5608,3,1,4.5,3
10262191,3.5527,5,2,5,2
10261708,3.5516,5,2,4,5
10265890,3.5479,3,1,5,1
10261709,3.5426,5,3,5,169
10234270,3.534,3,1,4,4
10262034,3.4874,5,2,3.5,2
10354998,3.4318,3,1,4,7
10462754,3.3341,5,,4.5,9
10270527,3.3054,3,2,3.5,2
10265865,3.205,3,1,3.5,4
10277426,3.1825,3,2,4.5,62
10270526,3.1672,5,2,5,1
10340985,3.133,5,2,4.5,3
10035611,3.1119,3,2,4,2
10456998,2.9885,3,2,5,5
10368952,2.9828,3,1,4,4
10006020,2.9533,3,2,5,1
10458626,2.9086,3,1,4.5,10
10265864,2.8251,1,2,4,2
10359533,2.7756,1,1,5,4
10261044,2.7591,5,2,5,2
10311750,2.5101,3,2,5,2
10308977,2.359,5,2,5,1
10303791,2.2986,3,1,5,2
10029449,2.2732,3,1,2.5,5
10235782,2.2718,3,2,4.5,2
10298446,2.2531,3,2,2.5,3
10266540,2.0533,3,1,4,1
10299979,2.0463,3,2,0,0
10287263,1.7699,3,2,4,39
10485189,1.7143,3,,4,1
10349843,5.2318,3,2,4.5,13
10278538,1.675,3,2,4,26
10463461,1.6097,3,2,0,0
10268140,1.5671,3,1,1,1
10459290,1.5427,3,1,4,1
10458623,1.3861,3,1,5,1
10442506,1.3765,3,2,5,2
10271620,1.3754,3,1,0,0
10372270,1.224,5,1,0,0
10311747,1.2111,3,2,0,0
10467434,1.1956,3,,0,0
10017437,1.0664,3,1,1.5,4
10454693,1.0126,3,1,3,1
10462732,1.0054,3,1,4,1
10457303,0.9388,1,1,3,1
10459162,0.8893,3,1,0,0
10484425,0.3724,3,,0,0
10234159,59.6754,5,4,5,2278
10112236,35.1737,5,3,4.5,624
10000324,30.6744,3,3,4.5,633
10030936,30.1413,3,3,4.5,524
10033688,29.5117,3,3,4.5,419
10001901,27.5014,3,2,4.5,438
10005742,27.492,5,2,4.5,364
10002446,26.872,1,3,4.5,467
10014854,26.4525,3,3,4.5,446
10011538,25.8891,3,2,4.5,297
10111563,23.7929,3,1,4.5,250
10014038,3.6808,3,1,3.5,6
10030937,23.5151,3,2,4.5,323
10014537,22.8094,5,2,4.5,252
10012998,22.6209,3,2,4.5,312
10033675,21.3869,1,2,4.5,229
10239273,20.2275,3,2,4.5,263
10069268,18.2862,3,2,4.5,179
10111380,18.173,5,2,4.5,118
10013538,17.412,5,2,4.5,181
10002122,16.4167,3,2,4.5,124
10006527,16.3087,1,2,4,186
10002386,16.1787,3,,4.5,138
10006479,15.6989,3,,4,191
10258911,15.1314,3,2,4.5,133
10111865,14.1339,3,1,4.5,46
10273650,14.1012,3,2,4.5,127
10038874,13.8734,1,2,4,160
10026460,13.4344,5,2,4.5,26
10271482,13.198,7,2,5,31
10242610,13.1616,3,1,4,101
10264711,12.3286,1,2,4.5,94
10033693,12.1713,1,,4,116
10006073,12.1264,1,2,4,112
10018025,12.0866,1,2,4,118
10111209,12.0237,5,2,4,52
10001091,11.723,3,2,4.5,71
10289947,11.6758,3,,4.5,90
10033677,11.6311,1,2,4.5,37
10111739,11.6122,5,2,4,66
10006823,11.5554,5,,4.5,60
10262155,11.4442,3,1,4.5,84
10034759,11.1941,1,2,4,58
10041855,10.8794,1,2,4.5,39
10264706,10.8145,5,1,4,20
10246039,10.6897,3,2,4,70
10030388,10.3157,3,2,4,40
10001304,10.2528,3,1,4,49
10006943,10.2212,3,1,4,71
10277162,10.2028,3,2,4,80
10003789,9.9612,5,,4,44
10003497,9.9274,3,3,4,46
10270124,9.8077,5,2,4.5,20
10011512,9.7247,3,2,4,47
10006388,9.5159,3,2,4,34
10264253,9.4955,3,2,4,45
10281571,9.4157,3,,4.5,40
10026459,9.4092,1,,4,65
10016442,9.2533,1,,4,68
10029300,9.1137,1,1,4,40
10284134,9.1132,3,,4.5,40
10271916,8.9665,7,3,5,9
10331293,8.888,3,,4.5,45
10234681,8.8707,3,2,4,62
10365613,8.5759,3,,4.5,52
10272717,8.5354,3,1,4,45
10002017,8.5304,3,,3.5,43
10277784,8.5036,1,,4,51
10029302,8.3896,1,2,5,26
10038873,8.3685,5,1,4.5,27
10004187,8.2213,3,2,4,11
10037831,8.0974,1,2,3.5,50
10000644,8.0904,5,1,4,24
10257942,8.0756,3,2,4.5,24
10014068,8.057,3,2,4.5,29
10035241,8.0252,3,2,4.5,36
10038867,7.583,1,2,3.5,47
10029303,7.5776,3,2,4,25
10264709,7.4067,3,1,3.5,22
10290360,7.3444,3,,4.5,11
10021109,7.1761,5,1,5,5
10033683,7.17,3,2,4,20
10033684,7.1527,3,2,4.5,16
10257350,7.1119,1,1,4.5,43
10267145,7.0815,3,2,4.5,24
10030392,7.0779,5,2,4,20
10111738,7.054,3,2,4,20
10263869,7.033,5,2,4.5,7
10038876,6.9125,1,2,4,16
10273269,6.8053,5,1,4.5,7
10427645,6.753,1,2,4.5,30
10004604,6.6518,3,1,4,14
10008454,6.5731,3,,4,27
10272749,6.5555,3,2,4.5,19
10013512,6.522,1,2,4,24
10239500,6.4628,7,,3.5,19
10273159,6.384,3,2,4.5,8
10017463,6.3533,1,,3.5,31
10020359,6.2822,5,,5,12
10278695,6.1598,3,1,3.5,27
10268543,6.1091,3,2,4.5,25
10012190,6.1023,3,,4,29
10011350,6.0435,1,1,4,16
10298159,5.8354,1,1,4,20
10016764,5.8037,3,1,4.5,8
10309153,5.7976,1,2,4,18
10291158,5.7765,5,1,4.5,9
10010535,5.759,3,2,5,4
10002462,5.7161,3,2,4,18
10263938,5.6983,5,2,4.5,5
10258908,5.6808,1,2,3.5,27
10322354,5.4619,1,2,4,20
10029295,5.3928,1,2,4,19
10365525,5.3847,3,2,4.5,22
10300803,5.2839,5,1,4,9
10032618,5.2514,1,,4.5,10
10013306,5.2083,3,2,4,10
10015003,5.2015,5,1,3.5,7
10327754,5.1407,3,1,4.5,22
10290795,5.0846,3,2,4,21
10268797,4.9844,3,2,3.5,23
10299467,4.9275,3,2,5,8
10002166,4.8684,3,2,3.5,15
10301667,4.8365,3,2,4,10
10034764,4.8236,3,2,4,13
10321847,4.636,1,2,4,8
10282930,4.6267,1,2,3.5,24
10356915,4.538,3,2,4,16
10011447,4.5311,3,2,4,11
10039365,4.4008,1,2,3.5,8
10338117,4.2755,3,2,4,15
10266011,4.2567,3,1,4.5,5
10365529,4.2354,3,2,4.5,7
10011041,4.1957,3,1,4,8
10006144,4.1515,3,1,4.5,3
10037834,4.1278,3,2,3.5,10
10011008,4.1131,1,2,4.5,3
10433770,4.0961,3,3,4.5,10
10394174,4.0382,5,1,4.5,3
10258909,3.9424,1,2,4,13
10305074,3.8923,3,2,4,7
10371803,3.7512,3,,4,7
10365532,3.7243,3,2,5,6
10333774,3.6752,5,2,4,5
10401030,3.6466,3,2,4,10
10334325,3.6176,5,2,4.5,4
10365527,3.5925,5,2,5,5
10358756,3.5304,3,,4,6
10400338,3.4343,3,2,4,8
10345132,3.3553,5,1,4.5,2
10335061,3.3504,3,,4,9
10253982,3.2905,3,1,3.5,3
10485567,3.2894,3,,4,10
10360675,3.2712,3,2,4,7
10454630,3.2672,3,2,4.5,4
10324274,3.2528,5,2,3.5,4
10376228,3.2258,3,1,4.5,7
10009983,3.1775,3,,3.5,3
10338743,3.1756,5,2,4.5,4
10234969,3.1197,3,1,3.5,3
10362947,3.057,3,1,4.5,5
10495265,2.9862,1,2,4.5,4
10326034,2.9247,3,2,4.5,6
10017371,2.833,3,2,3,5
10365524,2.7866,3,2,4,10
10405346,2.6931,5,2,5,3
10401028,2.6542,3,2,4.5,4
10320168,2.553,5,2,4,1
10405467,2.4256,3,3,4,4
10374420,2.374,3,3,5,1
10465435,2.3478,3,2,4,4
10291820,2.2678,1,2,3,6
10326033,2.1359,5,2,3,2
10375959,1.9631,3,1,4.5,2
10013576,1.8792,1,,0,0
10407795,1.8554,1,2,4,4
10000353,1.7834,1,2,0,0
10002554,1.7432,3,2,4,1
10469186,1.7211,3,2,4,4
10290683,1.7169,3,2,0,0
10405340,1.58,5,1,2,2
10356953,1.4126,3,1,4,1
10365534,1.3353,3,2,2.5,2
10012496,1.2436,3,2,0,0
10484068,1.2394,5,2,5,1
10405344,1.1793,3,2,5,1
10407786,0.8215,1,2,2,2
10014805,0.5581,3,,2.5,6
10012756,0.3527,5,2,1,1
10542445,0,5,2,4.5,8
10007491,49.5524,3,3,4.5,873
10023187,45.1568,3,3,5,1080
10032304,42.0778,3,3,4.5,621
10004378,36.5259,5,3,5,710
10016424,35.5599,1,2,4.5,531
10035982,34.6194,1,3,4.5,684
10014578,34.5807,1,2,4.5,609
10004045,33.916,3,2,4.5,433
10111290,32.9757,7,3,5,455
10007877,32.6879,3,4,5,424
10003564,31.759,1,3,4.5,520
10013895,30.8714,3,3,4.5,294
10015210,28.762,3,2,4.5,277
10009225,28.3496,5,2,5,197
10002126,28.1573,3,3,5,242
10027158,26.4301,3,3,4.5,287
10027191,25.9264,1,3,4.5,260
10004286,24.8557,1,3,4.5,315
10263280,24.2621,5,2,5,248
10007726,23.9494,3,3,4.5,207
10001279,23.8281,3,,4.5,219
10019163,23.7505,1,2,4.5,237
10015818,23.7213,1,4,4.5,368
10014634,23.5358,1,3,4.5,266
10011288,22.7312,5,2,4.5,186
10002325,22.5941,3,2,4.5,104
10017330,22.0517,3,3,4.5,187
10004769,21.9497,1,1,4.5,184
10011510,21.7937,3,3,4.5,223
10242019,21.7111,1,2,4.5,189
10294237,21.5899,1,3,4.5,245
10030057,21.3331,3,1,4.5,148
10033258,21.3004,7,3,4.5,97
10008669,21.1981,3,2,4.5,175
10014620,21.184,5,1,4.5,111
10004935,21.0758,5,3,4.5,217
10002631,21.0469,5,2,4.5,154
10010495,20.8291,5,4,4.5,149
10039951,20.6149,3,3,4.5,104
10031751,20.1262,3,1,4.5,245
10007885,19.9912,3,2,4.5,189
10033374,19.7627,5,2,4.5,117
10029920,19.6223,3,3,4.5,93
10006228,19.1378,3,3,4,267
10005873,18.866,5,2,5,66
10037521,18.8617,3,4,4.5,94
10030089,18.6535,7,2,4.5,146
10008785,18.1602,3,2,5,91
10292335,18.094,3,3,4.5,219
10259882,18.0397,7,2,5,92
10016603,17.7728,3,2,4,56
10004478,17.7457,3,2,4.5,160
10028832,7.1896,1,,4,31
10017161,17.6174,3,3,4.5,78
10260683,17.3155,3,2,5,178
10016717,16.9611,5,3,4.5,118
10009379,16.5279,1,2,4.5,139
10011324,16.2638,3,1,4.5,62
10263217,16.1338,5,1,5,105
10016073,15.9734,3,2,4.5,80
10003439,15.9468,3,3,4.5,73
10033370,15.5629,3,2,4.5,95
10000054,15.5555,1,2,4.5,67
10258679,15.4197,1,2,4.5,100
10042519,15.4162,7,3,4.5,52
10034432,15.2309,3,2,4.5,57
10240717,14.9382,5,1,4.5,55
10258678,14.6372,3,2,4,110
10027073,14.4269,5,2,4.5,85
10013518,14.3761,5,2,4.5,79
10002718,14.0083,3,2,4.5,24
10280661,13.9618,3,1,5,96
10260902,13.862,3,2,5,69
10033261,13.8467,3,,4.5,46
10235735,13.6763,5,2,4.5,76
10027748,13.4811,5,3,5,16
10235931,13.395,1,2,4.5,84
10006182,13.309,3,2,4.5,47
10258685,13.3006,1,2,4,106
10292134,13.1336,1,3,4.5,90
10014969,13.0985,5,1,4.5,71
10027665,12.981,3,2,4,60
10006664,12.9684,5,2,4.5,77
10003975,12.8857,7,1,4.5,55
10031566,12.8664,3,2,4.5,68
10008694,12.8072,5,2,4.5,68
10007626,12.7222,5,3,4.5,91
10016842,12.6823,3,2,4.5,60
10017466,12.5753,5,3,4.5,49
10015909,12.406,3,3,4.5,63
10271840,12.3782,1,3,4.5,70
10002047,12.075,3,2,4,49
10027111,11.9782,3,2,4.5,61
10030085,11.9014,3,2,4,80
10041487,11.8922,3,2,4.5,67
10036450,11.889,5,2,5,39
10260898,11.8001,3,2,4.5,70
10034325,11.6412,5,2,4.5,41
10003896,11.5249,3,1,4.5,26
10293169,11.4583,1,3,4.5,36
10033378,11.3494,1,2,4.5,24
10000853,11.2113,3,3,4.5,20
10292659,11.0216,5,2,4.5,37
10038472,11.0211,5,2,4.5,44
10041552,10.9986,3,2,4.5,27
10287498,10.9708,5,2,4.5,39
10015096,10.9603,7,,5,28
10006966,10.9462,1,3,4,86
10453941,10.8078,1,3,4,112
10028831,10.666,3,2,4.5,59
10005290,10.6441,5,1,4.5,38
10235710,10.5381,5,3,4.5,52
10236214,10.5321,1,1,4,48
10012300,10.5171,7,2,4.5,30
10235717,10.3849,5,1,4,13
10001814,10.28,3,1,4.5,52
10241407,10.2457,3,2,4,66
10015972,10.2325,3,1,4.5,19
10111790,10.1986,5,2,4.5,10
10017609,10.0549,5,2,4.5,46
10240316,10.0088,3,2,4.5,30
10040050,9.9486,1,2,4.5,18
10009920,9.9208,1,,4,24
10013477,9.9065,7,3,4.5,51
10042509,9.7995,5,1,4.5,34
10296333,9.7988,5,1,4.5,47
10292276,9.6789,3,1,4,45
10264024,9.666,1,2,4,38
10028811,9.6354,1,,4.5,33
10235986,9.6,3,1,4.5,26
10292490,9.5826,1,1,4.5,37
10260901,9.5503,5,2,5,36
10020862,9.5029,3,2,4.5,24
10040077,9.3978,3,2,4.5,23
10012494,9.3384,5,2,5,12
10235713,9.319,5,2,5,18
10272164,9.2802,5,2,5,12
10015428,9.2389,7,2,4,34
10014842,9.2151,1,2,4,38
10006172,9.1958,3,3,4.5,11
10010875,9.1788,3,2,3.5,41
10001924,9.0566,5,,4.5,39
10028978,9.0068,5,3,4.5,32
10036342,8.9913,1,2,4,36
10351434,8.9726,3,2,5,31
10036357,8.9272,1,2,4.5,34
10027707,8.8837,5,2,4,25
10014490,8.6644,1,2,4,32
10010430,8.551,3,2,4,42
10003900,8.4865,1,3,4,24
10338710,8.4035,3,2,4.5,52
10014146,7.1784,5,2,4.5,7
10033366,8.3871,5,2,4.5,6
10006614,8.3762,3,3,4.5,22
10038579,8.3761,7,2,5,5
10035916,8.2823,3,1,4,22
10258682,8.0055,3,2,4.5,12
10001692,7.9802,5,2,4.5,23
10235932,7.9537,1,2,4.5,14
10005608,7.9507,7,3,4.5,11
10434860,7.9211,3,2,4.5,41
10341357,7.8765,1,2,4.5,25
10000906,7.8187,1,1,4,17
10258702,7.8124,1,2,4.5,26
10300139,7.7758,3,1,4.5,16
10040070,7.6516,5,2,4.5,38
10035871,7.5845,1,2,3.5,20
10011283,7.522,5,1,4.5,10
10013410,7.478,5,2,4.5,31
10030099,7.4426,3,2,4,19
10039945,7.4277,1,,4.5,34
10034421,7.4151,3,2,4.5,7
10009179,7.3606,5,2,5,21
10030059,7.3384,1,,4.5,15
10028805,7.3328,1,,4.5,29
10327444,7.2906,5,1,4,13
10262829,7.2448,1,3,3.5,22
10337843,7.1625,3,2,4,28
10377640,7.1425,3,1,4.5,37
10004099,7.1076,1,1,5,8
10007793,7.0854,5,1,4,13
10032305,7.0205,3,3,4,13
10541134,6.9322,1,,4.5,38
10301663,6.9174,5,1,5,9
10012131,6.8844,3,2,4.5,17
10258695,6.8642,1,2,4.5,11
10012888,6.8,3,,3.5,20
10027189,6.7587,5,2,4.5,4
10312533,6.7024,7,3,5,5
10008826,6.6579,3,3,4.5,12
10001616,6.6573,5,3,4,13
10301673,6.6494,5,2,4,8
10248037,6.6163,5,1,4.5,7
10235736,6.6148,5,2,4.5,16
10042537,6.6136,1,,4.5,16
10287968,6.5995,3,2,4,27
10259715,6.5797,5,1,5,11
10041480,6.4939,1,2,4,20
10007155,6.4699,3,2,4,15
10037523,6.3912,1,2,4,20
10354495,6.3461,1,2,4.5,18
10035965,6.261,5,2,4.5,7
10004594,6.2497,5,1,4,8
10264695,6.2158,7,2,4.5,7
10439918,6.2025,5,1,4,28
10006589,6.1894,5,3,4.5,7
10360670,6.1504,3,1,4.5,30
10008221,6.1054,3,,4,16
10003894,6.0908,5,2,4.5,11
10268761,6.0201,3,2,4.5,7
10004331,6.0097,5,2,5,9
10017085,5.8881,5,2,4,18
10425956,5.8839,5,2,4.5,20
10004182,5.8331,5,1,4,8
10289421,5.8134,5,2,4.5,7
10396366,5.8074,1,3,4.5,18
10031744,5.754,3,,4.5,8
10336270,5.7075,3,1,4.5,14
10010564,5.636,7,3,4.5,11
10032303,5.5399,5,2,4.5,4
10270687,5.5206,7,1,4.5,3
10341363,5.4941,1,1,4.5,15
10235740,5.4449,1,2,4,16
10038591,5.4278,7,1,5,4
10003085,5.4174,1,1,4.5,10
10034424,5.3891,5,2,5,3
10259312,5.3791,3,2,4,11
10342862,5.3271,3,1,4.5,20
10374237,5.3199,5,1,5,11
10038571,5.2737,5,2,4,7
10349411,5.1965,3,2,4.5,14
10235718,5.1922,5,2,4,5
10009439,5.1483,3,2,4,7
10007427,5.1123,3,2,4,9
10308866,5.0416,5,,4.5,8
10333191,5.026,5,1,4.5,7
10042525,5.0115,5,2,5,3
10361588,4.9862,7,,4.5,16
10349884,4.9072,3,2,5,13
10412408,4.7909,3,1,4.5,17
10393513,4.688,5,2,4.5,15
10295688,4.6465,5,1,4.5,4
10287389,4.5864,7,2,4.5,9
10275065,4.5359,3,1,4.5,8
10488736,4.5104,3,2,4.5,13
10042522,4.5005,3,2,5,1
10022653,4.4908,1,2,3.5,7
10491932,4.4755,3,,4.5,14
10027810,4.454,1,1,3.5,10
10017037,4.4302,7,1,4,1
10033267,4.3379,7,1,4,8
10485162,4.2876,3,3,5,4
10009787,4.279,5,2,4,3
10248042,4.269,7,1,4.5,3
10347312,4.263,3,2,5,3
10259303,4.136,3,2,4,9
10271899,4.127,3,2,5,6
10235758,4.12,1,1,4,8
10374240,4.0631,3,,5,7
10010321,4.019,5,3,4,5
10263219,4.0166,1,1,4.5,3
10011656,3.8989,3,2,3.5,3
10027109,3.879,5,2,4,10
10264747,3.841,5,1,3.5,2
10349886,3.8391,1,2,4,9
10344907,3.7564,5,1,4.5,7
10326088,3.7369,3,2,5,1
10027664,3.7348,5,2,3.5,2
10297308,3.6605,1,2,4,12
10010629,3.6395,5,2,5,1
10001575,3.5904,5,1,3.5,8
10340671,3.5767,5,2,5,5
10009790,3.5703,3,2,3,4
10002340,3.4935,5,3,4,5
10001076,3.4325,5,1,3.5,7
10027143,3.3506,5,2,5,2
10235723,3.3281,5,2,5,1
10012395,3.3262,5,2,3,2
10030083,3.3081,5,2,4,4
10040524,3.2391,3,2,3.5,4
10015008,3.2345,1,2,4.5,3
10270991,3.1548,1,2,3.5,2
10003705,3.1365,5,,3.5,3
10272166,3.1304,5,2,5,1
10003007,3.1185,5,2,4,3
10035840,3.0963,5,2,3.5,3
10032315,3.0804,7,2,5,1
10477619,3.0665,5,1,5,4
10028964,3.0443,5,2,5,1
10032308,3.0368,7,2,5,2
10349887,2.935,3,2,5,4
10500496,2.9003,3,1,3.5,3
10297309,2.7907,5,2,4.5,2
10020864,2.7379,5,2,3,2
10475921,2.6828,3,2,4.5,3
10485374,2.5493,3,1,3.5,4
10258696,2.5174,1,2,3,1
10263234,2.4992,5,2,3,1
10235731,2.4742,5,2,5,2
10491201,2.4115,5,1,5,2
10011846,2.2599,7,2,4,1
10272158,2.2578,7,2,5,4
10024751,2.2506,7,2,5,1
10297405,8.5216,3,2,4.5,49
10298220,2.2025,7,2,5,1
10034327,2.2,3,1,4,1
10534859,2.1586,3,1,3.5,9
10528939,2.1482,3,,5,2
10527572,2.0606,5,2,5,3
10014423,2.02,5,2,5,2
10031739,2.003,5,2,0,0
10469156,1.9309,5,1,5,1
10368934,1.8512,5,1,4,1
10272165,1.7653,5,2,3,1
10484495,1.687,3,,5,3
10332059,1.6646,5,1,5,1
10352623,1.657,5,1,0,0
10338708,1.5884,5,2,5,1
10235757,1.4693,3,,2,1
10347402,1.3864,7,1,4,1
10541288,0,1,3,4.5,75
10000719,39.53,3,3,5,669
10235870,33.823,3,3,4.5,602
10008944,31.7082,1,3,4.5,575
10026864,31.393,3,3,4.5,305
10272207,30.4936,5,3,5,553
10274625,29.0437,1,1,4.5,468
10005960,28.6713,7,3,5,404
10008262,28.2166,1,4,4.5,284
10028614,28.1776,1,4,4.5,297
10006635,26.6183,3,3,4.5,433
10026575,26.2857,3,2,4,144
10015179,23.4484,5,3,5,215
10026574,23.2571,1,3,4,262
10258643,22.944,1,2,4.5,263
10261645,21.7384,1,3,4,227
10278168,20.9158,3,1,4.5,282
10037263,20.9133,1,4,4.5,205
10029421,20.3814,5,2,5,166
10005429,20.042,1,4,4.5,174
10041082,19.9735,3,2,4.5,62
10026558,19.8985,3,2,4.5,222
10259181,19.3937,3,3,4.5,212
10006017,19.066,1,4,4.5,174
10277548,18.8214,1,1,4.5,131
10284058,18.7537,1,3,4.5,173
10264161,18.2284,1,3,4.5,130
10012320,18.1452,3,2,4.5,193
10026579,17.8542,1,4,4.5,177
10037264,17.8007,1,2,4.5,134
10261649,17.5838,1,3,4.5,160
10029412,17.5417,3,2,4.5,178
10112082,17.3983,5,2,5,98
10030528,17.275,5,2,5,43
10036188,17.2735,1,2,4.5,123
10014707,17.2432,1,2,4.5,89
10002682,17.0168,1,4,4.5,142
10111810,15.8842,3,3,4.5,190
10034911,15.6641,1,2,4.5,140
10278321,15.5763,1,2,4.5,71
10017347,15.5536,3,3,4,141
10003160,15.5288,5,3,5,83
10003006,15.058,3,2,4.5,73
10026576,14.9658,1,3,4.5,72
10120707,14.9558,1,4,4.5,104
10000722,14.8673,5,2,5,73
10003083,14.7693,3,3,4.5,75
10039034,14.2629,1,2,4.5,113
10264160,14.08,1,3,4.5,98
10233520,14.0778,1,3,3.5,130
10010116,14.0755,5,3,5,71
10289379,13.948,3,2,4.5,83
10033839,13.9454,3,2,4,86
10041077,13.7565,1,2,4.5,79
10274869,13.5819,1,1,4.5,92
10120720,13.54,1,3,4.5,56
10239507,13.3085,1,1,4.5,110
10028275,13.1579,3,2,4,75
10022984,13.086,3,2,4.5,78
10294815,12.7486,5,1,5,74
10024706,12.6721,1,2,4,70
10277468,12.4435,3,1,4.5,95
10026559,11.9682,1,2,4,101
10003149,11.5273,3,1,4.5,52
10000751,11.5255,5,2,4.5,57
10264041,11.4493,1,3,4.5,79
10239598,11.338,3,2,4,61
10032762,11.2823,1,4,4.5,21
10271109,11.1405,1,2,4,35
10258692,10.9249,1,3,4.5,42
10036191,10.9114,1,2,3.5,22
10002608,10.9071,1,3,4.5,48
10042956,10.5296,3,2,4.5,73
10034912,10.4347,1,3,4,66
10293180,10.4096,3,2,4.5,39
10026561,10.3412,3,2,4.5,51
10294209,10.1857,5,1,4.5,107
10289430,9.9928,1,1,4.5,20
10259540,9.9596,5,2,5,41
10033841,9.8307,5,2,4.5,37
10009180,9.8232,5,,5,52
10292449,9.7608,7,1,4.5,38
10035404,9.66,3,2,4,45
10258655,9.6424,1,2,4,64
10255183,9.534,1,3,4.5,48
10255184,9.5062,1,2,4.5,27
10028269,9.4736,3,3,4,34
10027455,9.4016,1,,5,17
10026865,9.3759,3,2,4.5,26
10293277,9.311,5,2,5,43
10403502,9.2515,3,2,4.5,64
10026568,9.1929,1,2,4,66
10009935,8.974,3,1,4,60
10297762,8.8662,1,3,4.5,22
10277148,8.8643,1,2,4,43
10017591,8.8053,3,,4,64
10031081,8.7951,1,2,4,34
10289023,8.748,1,3,4.5,38
10115314,8.6876,5,1,5,7
10260675,8.6862,1,3,5,13
10260702,8.6398,1,2,4.5,22
10032777,8.6159,3,1,4.5,21
10294083,8.5475,3,1,4.5,32
10293385,8.4187,5,1,5,18
10241545,8.3923,1,2,5,21
10029730,8.372,5,,4.5,18
10036922,8.2872,3,2,4,44
10261643,8.1965,1,2,4.5,21
10259176,8.1875,3,1,4.5,33
10261656,8.1685,1,3,4.5,25
10349967,8.0611,5,3,5,33
10004763,8.0594,1,2,4,24
10287095,8.0422,1,3,4.5,29
10038303,8.0027,3,1,4.5,23
10011254,7.986,3,3,4.5,35
10306012,7.9383,3,2,4.5,14
10233676,7.8442,5,1,5,13
10001284,7.8384,1,2,4,46
10039529,7.8347,1,,4,19
10013052,7.823,5,2,4.5,19
10294294,7.7938,3,2,5,9
10039770,7.7066,3,2,4.5,18
10235847,7.5664,5,,5,16
10037258,7.5495,1,2,3.5,26
10028261,7.5373,3,1,3.5,45
10336781,7.3761,3,2,4.5,36
10341082,7.3096,5,3,4.5,24
10039521,7.2937,5,2,4.5,13
10289682,7.2364,1,4,4,19
10007017,7.229,5,1,4.5,33
10026570,7.1964,1,3,4,30
10039035,7.1233,7,2,5,14
10426289,7.103,1,2,4.5,36
10259213,7.0908,3,3,4.5,17
10028258,7.064,1,1,4,8
10293189,7.0493,7,2,4.5,16
10026572,6.9346,3,1,4.5,26
10038304,6.9213,3,1,4.5,18
10357712,6.8749,3,2,5,30
10291988,6.8141,1,2,4,30
10026573,6.731,1,2,4,26
10346638,6.5869,5,2,5,29
10039515,6.55,3,2,4,13
10261650,6.544,1,2,3.5,42
10291206,6.5017,1,2,4,6
10330099,6.438,3,2,4.5,13
10272157,6.2725,3,2,4.5,17
10405509,6.2261,1,3,4,23
10268855,6.1857,3,2,4.5,24
10258761,3.3495,3,2,3.5,3
10120722,6.1609,5,2,4.5,5
10340707,6.1602,1,2,4.5,18
10259171,6.1324,3,1,4,7
10041075,6.1193,3,2,4.5,16
10275883,6.0553,1,3,4.5,18
10259160,6.0359,5,1,4.5,6
10302331,6.0022,3,2,4,16
10346251,5.999,3,2,5,18
10259195,5.9829,3,2,4.5,19
10037996,5.9169,1,,4.5,8
10035403,5.8412,3,2,3.5,19
10028278,5.7362,1,2,3.5,12
10272434,5.7127,3,2,4.5,12
10036192,5.5821,1,2,5,14
10003305,5.5147,5,1,4,18
10011667,5.4605,3,1,3.5,22
10268856,5.3819,5,2,4.5,18
10030535,5.3558,3,2,4.5,10
10031080,5.2974,3,2,5,7
10003432,5.2748,3,2,4,16
10293007,5.169,3,2,4.5,18
10018504,5.0758,1,2,4.5,16
10006242,5.0648,5,3,4.5,321
10403960,2.634,3,1,4.5,4
10235797,5.0248,5,1,4,9
10010076,5.0165,1,,4,16
10034914,4.9369,1,2,4,13
10235709,4.7794,5,1,5,4
10042943,4.7629,1,4,4.5,4
10041079,4.7123,3,2,5,4
10000759,4.6973,1,,4,9
10000049,4.6573,5,2,4.5,10
10258649,4.6443,3,2,3.5,11
10302330,4.5644,3,2,4,6
10331260,4.5483,3,3,4.5,12
10034913,4.5332,3,2,3.5,26
10405033,4.5071,3,1,4.5,6
10259164,4.5017,5,1,5,4
10259202,4.4565,7,1,5,9
10038005,4.4034,5,1,5,6
10259093,4.3765,3,3,4.5,5
10111226,4.3744,3,2,5,5
10471906,4.3297,1,3,4.5,6
10426291,4.3197,1,2,4,10
10258684,4.2972,1,1,4.5,3
10463643,4.2811,3,2,4.5,7
10037998,4.2337,1,4,4,132
10111255,4.2292,3,2,5,3
10016119,4.2025,7,1,4.5,5
10341017,4.1831,1,1,4.5,7
10315068,4.0603,5,2,4.5,11
10292089,4.0583,1,2,4,5
10492355,4.0562,5,,5,8
10288969,4.0204,7,2,5,4
10259174,4.0077,3,1,3.5,9
10026860,3.9798,3,2,4.5,4
10042942,3.9603,3,,4.5,8
10009936,3.8682,3,1,4,9
10013552,3.8577,5,1,4,1
10032780,3.8337,3,2,5,3
10029736,3.8243,3,2,3.5,13
10301042,3.8134,3,2,4.5,4
10259198,3.7866,3,2,4.5,11
10351377,3.7436,5,2,4.5,7
10035688,3.6914,3,2,4,3
10012767,3.5365,5,1,4.5,7
10259193,3.5339,3,1,4,5
10004293,3.4885,5,2,4.5,7
10010511,3.473,3,1,3.5,16
10259197,3.4277,3,1,4,10
10259175,3.3391,3,1,4,5
10485199,3.3309,7,2,5,4
10332867,3.3151,5,2,4.5,6
10235715,3.1959,3,2,3,1
10467172,3.1841,3,,5,7
10023962,3.1817,1,2,3.5,3
10494956,3.1659,3,2,4.5,10
10426293,3.1565,3,2,5,7
10041085,3.1326,5,2,4.5,5
10004827,3.1314,3,2,4,4
10498105,3.0873,7,,4,7
10041994,3.0819,3,2,2.5,3
10539983,3.0559,7,2,4.5,8
10259158,3.0337,3,1,3,6
10031076,3.0057,3,2,5,1
10039555,2.9769,3,2,4,5
10479176,2.9442,5,2,4.5,6
10006439,2.8256,5,2,4,2
10020579,2.8222,3,1,3.5,3
10235734,2.8179,1,2,5,2
10405729,2.7105,5,2,3.5,6
10265481,2.696,3,1,5,2
10344521,2.6842,5,1,4.5,3
10010569,2.6078,3,2,5,2
10259172,2.5466,5,2,4.5,3
10001894,2.5447,5,1,4,2
10258933,2.4569,1,2,3.5,2
10327580,2.3904,1,2,5,2
10348627,2.3864,3,2,4.5,2
10422409,2.3642,3,2,4,4
10259156,2.3366,3,1,4.5,2
10011986,2.3052,3,2,5,2
10407695,2.2643,1,2,4,3
10005669,2.2477,7,1,4,1
10259212,2.2398,3,2,0,0
10353479,2.2164,1,1,2.5,2
10259196,2.2157,3,2,3.5,6
10258656,2.2065,3,2,4,2
10370293,2.167,3,1,5,1
10026571,2.161,5,1,5,1
10259210,2.1384,5,1,5,1
10041078,2.1252,3,1,4.5,2
10258762,2.1197,3,2,3.5,5
10258931,2.1013,5,1,5,1
10370110,2.095,3,2,4.5,5
10405628,2.0877,3,2,5,2
10009483,10.4307,3,3,4.5,74
10271541,2.0271,7,3,0,0
10259214,2.0181,5,1,0,0
10004705,1.9416,3,2,4,1
10007519,1.9388,3,1,4,1
10485241,1.9095,1,1,5,3
10259162,1.864,5,1,4.5,2
10014860,1.8622,3,2,0,0
10259199,1.8298,7,1,0,0
10294494,1.8287,5,1,4,1
10244338,1.798,3,1,5,1
10494972,1.7798,1,1,3.5,4
10016254,1.7579,3,1,2.5,4
10008932,1.7201,5,2,3,2
10263428,1.6963,3,2,0,0
10239491,1.6585,3,2,1,1
10297992,1.6558,3,1,5,1
10013159,1.62,5,3,3,1
10467170,1.6137,1,,4,2
10259170,1.6057,5,1,0,0
10000266,1.5498,3,,3,1
10494968,1.5371,3,,4.5,2
10259159,1.4991,1,1,0,0
10311293,1.497,5,2,0,0
10259492,1.7539,3,2,4.5,24
10011074,1.4554,3,2,0,0
10348039,1.4244,7,1,5,1
10001312,1.422,5,2,3,1
10305973,1.3945,5,1,0,0
10263431,1.3831,3,2,0,0
10467163,1.3422,1,,5,2
10011061,1.3374,3,2,0,0
10011118,1.321,5,2,0,0
10462770,1.2936,3,1,2.5,3
10032756,1.221,3,2,4,1
10540286,1.1983,5,,3,4
10523189,1.0954,5,2,5,1
10259203,1.0558,5,1,0,0
10467160,1.0018,3,,4,2
10485144,0.9553,5,,0,0
10477344,0.8636,3,2,4,1
10477339,0.8346,3,2,4,1
10467167,0.8276,3,,5,1
10477347,0.6075,3,2,0,0
10483557,0.6053,5,1,5,1
10292442,0.5018,1,2,2.5,2
10470387,0.4038,3,1,4.5,6
10010442,25.6723,3,3,4.5,473
10266617,11.3437,1,3,4.5,57
10405832,9.9452,1,2,4,103
10012920,9.7011,3,2,4,97
10006503,9.0037,7,2,4.5,51
10013868,8.9927,1,3,3.5,79
10176129,8.9254,3,3,4,43
10005198,8.2721,3,,4,38
10014100,7.7635,3,2,4.5,41
10004712,7.5378,1,2,4,44
10244237,6.8231,5,1,4.5,21
10013779,6.4719,5,,5,5
10007409,6.0764,3,2,4,18
10017468,5.9893,7,2,4.5,10
10398366,5.4985,1,3,4,31
10036445,5.2617,5,3,4.5,12
10405833,4.9939,1,2,4.5,15
10027184,4.8834,7,2,5,4
10006534,4.714,5,,4.5,5
10028927,4.6305,1,2,4.5,12
10259012,4.4428,5,2,5,9
10011933,4.2363,5,,4.5,3
10027795,4.2168,7,,4,7
10396524,3.8197,3,2,4.5,6
10393193,3.4816,1,3,4,10
10001208,3.4523,5,,4,3
10427569,3.2575,7,2,5,5
10006161,3.1747,3,1,0,0
10235923,3.0204,3,1,4.5,5
10038551,2.7717,1,3,4,144
10332755,2.6758,1,1,4,5
10000825,0.5862,3,1,3.5,6
10391957,0.5015,3,2,4.5,4
10005997,33.3147,3,4,5,697
10002035,23.5557,7,3,4.5,355
10028926,19.7384,1,3,4,201
10040498,16.6764,5,1,5,91
10011093,15.8383,5,1,4.5,126
10284542,13.5643,5,1,5,99
10027793,11.5722,3,2,4.5,34
10236002,10.5442,1,3,4.5,43
10236006,9.5362,1,2,4.5,39
10008302,9.3861,5,2,4.5,43
10236001,9.1555,5,2,5,22
10258707,8.5066,1,,4.5,31
10014989,8.324,5,1,4,8
10259465,2.4176,3,2,4.5,45
